Test Data,Predicted,Difference
1399,1370,29
1099,1006,93
691,1635,-944
999,1219,-219
658,1061,-403
1099,1568,-468
1300,1274,25
5100,1399,3700
922,1296,-373
1200,1486,-286
1699,1085,614
747,782,-35
579,1336,-757
4400,1306,3093
1200,1312,-112
1200,1363,-163
2699,1192,1507
721,1097,-376
110,1109,-999
860,1195,-334
2900,1649,1250
1099,1723,-623
999,1646,-646
2100,1514,585
1200,1059,140
2199,1309,890
1900,1615,284
1200,1178,21
945,1269,-323
999,1604,-604
791,1006,-215
921,1312,-391
2600,1205,1394
1300,1303,-3
3499,1348,2151
625,1641,-1015
755,1588,-833
4600,1508,3091
2100,1650,449
1200,1123,76
858,905,-47
807,1135,-328
587,870,-283
999,962,37
1800,1259,540
833,1504,-671
799,1229,-430
461,1178,-717
507,1018,-511
1099,1790,-690
596,852,-256
1200,1318,-118
940,852,87
629,920,-291
1800,1213,586
3200,1544,1655
2600,1616,983
649,999,-350
3099,1396,1703
909,1518,-608
489,1782,-1293
666,1894,-1227
615,1425,-809
4500,1114,3385
5100,1278,3821
1900,1269,630
931,1038,-107
999,1078,-78
1900,1558,341
825,1149,-323
673,1063,-390
1399,1948,-548
1399,1531,-131
1699,1173,526
4699,2457,2242
999,1257,-258
358,633,-274
909,1059,-149
719,1391,-672
1200,1177,22
995,1184,-189
890,1501,-611
1099,1365,-265
947,1483,-536
1500,1217,282
671,879,-208
1399,1225,174
815,1454,-639
1300,1113,186
5000,1281,3718
699,1207,-507
630,1409,-779
2499,1370,1129
1099,1579,-479
1099,1075,24
2600,1092,1507
582,946,-364
694,1120,-425
769,1070,-301
931,898,33
629,1805,-1176
1200,1220,-20
2400,1089,1310
817,1429,-612
884,938,-53
871,1277,-406
3200,2001,1198
2799,1496,1303
1900,1453,446
1900,1431,468
1699,1650,49
1599,1367,232
1800,1651,148
999,1358,-358
1500,1264,235
761,1206,-445
557,1225,-668
435,1223,-787
3599,1242,2357
890,1006,-116
654,1207,-552
716,844,-127
831,888,-57
999,1373,-373
3300,2073,1226
656,996,-339
1099,826,273
719,1270,-551
710,1022,-312
1300,1464,-164
629,1098,-469
759,1453,-694
1500,1618,-118
999,1267,-267
2100,1224,875
698,1333,-635
1099,1265,-165
2499,1387,1112
1200,1214,-14
1999,1538,461
1099,1500,-400
1999,1293,706
2699,1479,1220
56,916,-860
978,1206,-227
621,1388,-767
738,1123,-384
3699,922,2777
999,1131,-131
1099,1174,-74
999,1331,-331
689,1232,-543
1300,1284,15
696,1334,-638
1999,1433,566
865,1279,-413
3499,1023,2476
943,1414,-471
845,1021,-175
2199,1874,325
779,1540,-761
1300,1326,-26
1399,1112,287
635,1339,-704
918,1448,-529
1699,2046,-346
2499,1836,663
2600,1997,602
1500,1357,142
1399,1766,-366
2499,1615,884
413,1171,-758
975,1192,-216
755,1172,-417
689,1095,-406
1399,1180,219
1099,1469,-369
1099,1149,-49
621,1321,-700
945,1412,-466
1099,1401,-301
675,1455,-780
888,1416,-528
1300,1290,9
817,1155,-338
627,1149,-521
829,1175,-345
2199,1806,393
1800,1102,697
999,1082,-82
1200,1493,-293
872,1617,-744
999,1216,-216
3399,1891,1508
888,916,-28
859,1365,-505
2699,1428,1271
1200,1338,-138
409,1275,-866
3300,1374,1925
1699,1456,243
2400,2199,200
551,1043,-492
1300,1460,-160
988,977,10
824,1262,-438
1200,1270,-70
4099,1126,2973
1099,988,111
730,820,-90
2499,1235,1264
957,1071,-114
1200,1350,-150
1699,938,761
807,1159,-351
758,1330,-572
4300,1514,2785
635,848,-213
3999,1534,2465
2900,1362,1537
1099,931,168
666,1679,-1012
898,1310,-411
922,1264,-342
1800,1179,620
1099,1089,10
1200,1238,-38
2900,1375,1524
1200,1044,155
4600,1393,3206
1099,1361,-261
2499,1425,1074
999,1939,-939
1300,1098,201
943,1281,-337
937,1492,-554
1800,1128,671
923,1129,-205
2600,1624,975
3699,1794,1905
955,1055,-99
942,1076,-134
817,1239,-421
1599,1288,311
922,983,-60
1200,1484,-284
819,1261,-441
812,1432,-620
543,1011,-467
826,1446,-619
377,1175,-798
1099,1169,-69
1999,1281,718
2900,1671,1228
1099,1717,-617
1200,1397,-197
1399,1179,220
844,968,-124
1200,1380,-180
3300,1306,1993
3699,1204,2495
420,1368,-947
4500,2125,2374
1599,1292,307
756,1876,-1119
1399,1265,134
666,919,-252
1500,1328,171
1300,1910,-610
1999,1606,393
1200,1351,-151
1500,1241,258
1900,1910,-10
3599,2198,1401
1399,2215,-815
974,1833,-859
2100,2081,18
1300,1541,-241
1300,2223,-923
2100,1979,120
2400,1795,604
2499,1924,575
1500,1814,-314
4800,2171,2628
1300,2147,-847
183,1561,-1378
1200,1617,-417
978,1687,-708
1900,1722,177
1599,1824,-224
1200,2003,-803
3499,1773,1726
1099,1597,-497
115,1021,-906
999,1525,-525
728,1684,-956
1099,1192,-92
922,1585,-663
1200,1293,-93
2300,1456,843
999,1396,-396
3599,2232,1367
1099,1670,-570
2600,1640,959
999,1247,-247
1099,1449,-349
1099,1301,-201
1999,1459,540
1099,1604,-504
2100,1642,457
1699,1523,176
4600,2184,2415
2100,1756,343
2100,1626,473
1300,1794,-494
2699,1936,763
1099,1526,-426
2400,2655,-255
999,1700,-700
2199,2755,-555
1399,1861,-461
999,1494,-494
1200,1677,-477
928,1174,-246
1099,1508,-408
1599,1615,-15
2600,1769,830
974,1501,-527
1900,1458,441
1200,1203,-3
865,1052,-186
2100,1609,490
1699,1606,93
999,1723,-723
999,1005,-5
1099,957,142
916,1388,-471
1099,1123,-23
2100,1332,767
999,1472,-472
3599,1370,2229
716,1141,-424
1099,963,136
2100,1104,995
890,883,6
2199,1263,936
1999,2090,-90
1399,1836,-436
3099,2024,1075
605,1169,-564
1399,1656,-256
601,2144,-1543
707,1343,-635
1200,1329,-129
999,1441,-441
831,1378,-547
1900,1356,543
999,1554,-554
388,1155,-766
1300,880,419
1599,1139,460
1399,1582,-182
2699,1372,1327
1099,1140,-40
553,1360,-807
985,1329,-344
915,1231,-315
619,1549,-930
698,1063,-364
1099,1297,-197
1300,1480,-180
3699,1244,2455
773,1318,-545
1699,952,747
2799,1726,1073
1399,1184,215
1099,1150,-50
5499,1088,4411
1200,1371,-171
823,1389,-566
457,1373,-916
633,1001,-367
889,1069,-180
1200,1496,-296
434,1066,-632
1099,1563,-463
994,1264,-270
947,1311,-363
991,892,98
878,1317,-439
5200,1385,3814
940,944,-4
1099,1085,14
274,1001,-727
1099,1245,-145
1200,1174,25
1099,1407,-307
2499,1255,1244
649,1253,-603
627,1751,-1124
698,1370,-672
680,1399,-718
2400,1379,1020
1500,1820,-320
714,1222,-507
3200,1455,1744
1300,1912,-612
3999,1669,2330
629,1061,-432
2900,1482,1417
2799,1400,1399
4699,1345,3354
1300,1736,-436
983,1589,-605
1300,1454,-154
1099,1343,-243
970,1548,-578
5000,1778,3221
4699,1515,3184
1099,1575,-475
1300,1506,-206
1900,1425,474
943,1175,-231
1300,1853,-553
2400,1504,895
999,1087,-87
1900,1613,286
1599,1542,57
3899,1405,2494
1500,1362,137
1900,1874,25
464,1382,-918
499,1357,-857
3300,1633,1666
4300,1407,2892
2799,1842,957
756,1817,-1060
782,1745,-962
1099,1360,-260
2499,1437,1062
1699,1597,102
2199,1562,637
3800,1704,2095
985,1251,-265
1200,846,353
2999,1343,1656
675,1345,-670
4099,2058,2041
1200,1003,196
682,1055,-373
1200,1251,-51
1099,1701,-601
646,1327,-681
687,1118,-430
762,1099,-336
862,1154,-291
776,927,-150
734,1253,-518
1300,922,377
792,1298,-505
646,1322,-676
3999,1399,2600
1500,1470,29
637,1252,-614
507,1622,-1115
1099,1877,-777
999,1706,-706
1399,1103,296
728,1843,-1115
923,1947,-1023
1500,1827,-327
999,1748,-748
471,1555,-1084
999,1179,-179
2900,1732,1167
719,1527,-808
1800,1696,103
754,1061,-307
1399,1220,179
1900,1679,220
1300,1477,-177
1099,1596,-496
2499,1587,912
1399,1586,-186
705,2023,-1318
2100,1674,425
827,1180,-352
3200,1357,1842
713,1008,-294
890,886,3
5299,1813,3486
2300,1509,790
1300,1333,-33
1200,2222,-1022
2600,1748,851
1300,1145,154
931,1302,-371
3200,1248,1951
1099,1194,-94
1800,1063,736
911,1356,-444
48,1103,-1054
3999,1699,2300
3699,1704,1995
872,1186,-314
254,956,-701
999,1238,-238
1999,1358,641
843,1117,-274
3999,1609,2390
3099,1251,1848
4600,1538,3061
999,1090,-90
1200,1930,-730
2100,1493,606
1500,869,630
1099,1574,-474
733,1435,-701
904,1422,-517
516,879,-363
999,1071,-71
999,945,54
758,995,-237
1099,1613,-513
1200,881,318
752,1338,-585
995,1148,-152
1500,1460,39
3300,1909,1390
983,963,20
902,1095,-193
991,1126,-135
752,1077,-325
578,1198,-620
1999,1590,409
501,956,-454
995,1830,-834
410,1227,-816
4200,1900,2299
1500,1307,192
523,940,-416
1099,1203,-103
999,1131,-131
2100,1181,918
1300,1414,-114
779,1037,-258
4300,1121,3178
797,1089,-292
1399,1583,-183
1999,1788,211
872,1242,-369
898,1067,-169
829,1039,-210
999,956,43
1200,913,286
660,1051,-390
2199,2189,10
1399,1526,-126
3899,1795,2104
707,1493,-786
1200,1231,-31
1599,1307,292
2699,1629,1070
2699,1872,827
1900,2009,-109
1599,1414,185
1900,1941,-41
999,1351,-351
707,1185,-477
624,1157,-532
831,1626,-795
1500,1577,-77
1200,1604,-404
4699,2018,2681
752,1294,-541
5299,1598,3701
1300,1343,-43
5400,1705,3694
1099,821,278
2799,933,1866
1300,1148,151
1099,1608,-508
725,968,-242
892,1327,-434
1900,1372,527
659,1920,-1260
2999,1427,1572
485,1308,-823
672,1303,-631
825,1458,-632
1999,1727,272
2100,1949,150
4400,1436,2963
1800,1931,-131
1699,1294,405
1200,1176,23
492,1206,-713
1399,1356,43
743,1384,-640
999,982,17
585,1435,-850
863,1241,-377
1399,1549,-149
81,957,-876
2199,1323,876
414,1096,-681
829,1253,-424
3499,1590,1909
666,964,-298
1099,1238,-138
1699,2206,-506
876,1483,-607
2100,1261,838
1300,1075,224
2400,1397,1002
940,1118,-178
860,1249,-388
381,938,-557
1699,2180,-480
472,1517,-1044
530,1342,-812
913,1527,-613
714,1181,-466
2799,1162,1637
1500,1031,468
654,1406,-752
762,953,-190
2600,1782,817
909,1405,-495
1399,1014,385
949,1068,-119
802,1030,-228
745,1025,-280
4300,1487,2812
1200,912,287
2699,1400,1299
4500,1138,3361
780,1612,-832
833,1579,-746
3099,1653,1446
2199,1137,1062
861,1221,-359
382,1501,-1119
733,1264,-530
410,1425,-1015
3099,1452,1647
3800,1979,1820
1300,1637,-337
474,886,-412
819,1191,-372
1200,1009,190
3800,1376,2423
4500,1697,2802
982,1600,-617
1099,1744,-644
658,1513,-855
721,1149,-427
2499,1017,1482
721,1616,-895
2100,1583,516
1399,1249,150
472,981,-508
3699,1143,2556
943,1708,-765
2100,1268,831
821,1005,-183
999,1256,-256
556,1496,-940
507,1002,-495
698,1430,-732
1099,1162,-62
998,1062,-64
994,1221,-227
1399,1397,2
2300,1284,1015
1200,1472,-272
2300,1800,499
2400,1379,1020
965,1174,-209
784,1342,-557
3699,1276,2423
974,1448,-474
588,1007,-418
310,1514,-1204
5499,1483,4016
1099,1041,58
924,1563,-638
2699,1346,1353
756,1305,-549
1099,1356,-256
694,1088,-393
1300,1081,218
2799,1747,1052
786,986,-200
2400,1393,1006
1900,2190,-290
2400,1786,613
4500,2061,2438
3599,1772,1827
999,1630,-630
869,1326,-457
1999,1908,91
2699,1986,713
1999,1492,507
1500,1723,-223
59,525,-466
2400,1236,1163
518,1646,-1127
792,1367,-574
1699,1832,-132
1200,1788,-588
497,419,78
945,1643,-697
1900,1335,564
2900,1760,1139
1800,1988,-188
4600,2001,2598
878,1846,-967
4800,1910,2889
815,1170,-355
1500,1697,-197
1200,974,225
3699,1712,1987
1699,1888,-188
2400,1978,421
748,1318,-570
1599,1260,339
2900,2854,45
1800,1621,178
1200,1557,-357
3200,1941,1258
1200,1202,-2
1399,1956,-556
1599,2001,-401
979,1673,-693
2300,1430,869
5400,1660,3739
3099,1578,1521
850,1597,-747
1699,1560,139
1699,1861,-161
1099,2050,-950
841,1249,-408
1800,2895,-1095
878,836,41
1599,1574,25
2600,1815,784
635,1088,-453
1699,1231,468
922,1012,-89
999,951,48
912,1226,-313
1399,1523,-123
881,1373,-492
1999,1514,485
2300,1351,948
945,1602,-656
1999,1418,581
1200,2307,-1107
4300,1411,2888
1599,1689,-89
1200,1340,-140
1399,1489,-89
584,1312,-728
515,1218,-703
480,1428,-947
720,889,-169
674,1419,-745
1200,1166,33
1099,1382,-282
1399,1407,-7
1999,1406,593
807,1214,-407
1099,1762,-662
1699,1301,398
1099,954,145
712,1078,-366
1099,981,118
999,1314,-314
959,1517,-558
999,1526,-526
1999,1463,536
2900,1138,1761
682,1271,-589
1999,1408,591
1399,1768,-368
1200,1398,-198
729,873,-144
1300,1575,-275
780,1748,-968
1099,1595,-495
1699,1664,35
521,1332,-811
3899,1068,2831
569,1314,-745
971,1452,-481
1399,1595,-195
2499,1439,1060
1900,1335,564
2400,1510,889
1200,1307,-107
3200,1458,1741
1999,1342,657
3899,1902,1997
514,921,-407
844,1159,-315
687,1106,-418
1099,1901,-801
1200,1028,171
904,1048,-143
1200,1278,-78
561,927,-365
1399,2302,-902
1099,1729,-629
1399,1174,225
532,1264,-732
3099,1681,1418
540,1131,-591
1399,930,469
1300,1061,238
1800,1752,47
929,1275,-345
2100,1597,502
647,1270,-622
2499,1222,1277
3399,1185,2214
2699,1200,1499
5299,2060,3239
974,1768,-794
999,1187,-187
853,1147,-294
3399,1531,1868
999,1052,-52
5200,1740,3459
1099,1328,-228
1200,1213,-13
1599,1601,-1
2999,2293,706
2600,1240,1359
809,1106,-296
1399,1053,346
1500,1620,-120
1200,1639,-439
1300,1308,-8
693,1168,-475
2900,1048,1851
1399,1191,208
999,1243,-243
1099,772,327
1800,1826,-26
1500,1447,52
918,889,29
883,1741,-857
1200,1094,105
2400,1797,602
480,1591,-1110
1300,1160,139
974,1436,-462
3699,1714,1985
999,1459,-459
1200,1004,195
2100,1620,479
2900,1123,1776
934,1232,-298
1099,1163,-63
669,1109,-439
1200,1228,-28
752,1232,-480
2400,1695,704
1099,1075,24
1800,1770,29
677,1154,-477
691,1443,-751
669,979,-309
939,1683,-744
1099,859,240
893,1095,-201
435,1209,-773
999,1293,-293
2799,1776,1023
4600,1334,3265
713,1134,-420
1099,1482,-382
532,1258,-726
1200,1382,-182
1399,1187,212
971,988,-17
1500,1645,-145
1099,1421,-321
826,1048,-221
1099,1510,-410
768,1267,-499
2600,1495,1104
790,1267,-477
889,1452,-563
743,1073,-329
507,877,-370
4699,1639,3060
738,1183,-445
1699,1509,190
1999,1690,309
999,1021,-21
1099,1038,61
2499,1461,1038
367,1145,-778
2300,1069,1230
49,1148,-1098
2400,2154,245
2499,1798,701
3800,1606,2193
3800,1607,2192
4699,1683,3016
2999,1169,1830
1300,869,430
2100,1224,875
868,1450,-582
904,1544,-639
508,1567,-1058
743,1336,-593
872,888,-15
1699,1569,130
1099,1219,-119
1300,1545,-245
3899,1573,2326
1200,1829,-629
1399,1923,-523
898,1062,-163
738,1117,-379
999,915,84
1300,1153,146
1200,1444,-244
1399,2813,-1413
1300,1309,-9
786,1126,-340
474,1209,-735
1500,1077,422
1200,947,252
1399,1677,-277
961,1054,-93
1099,1161,-61
1300,1500,-200
1699,1423,276
1399,1467,-67
890,728,161
542,1009,-466
574,1595,-1021
1500,1513,-13
1800,1355,444
940,1429,-489
786,945,-159
1999,1527,472
2499,1278,1221
1800,1146,653
1900,1488,411
2300,1441,858
750,1183,-432
1399,1159,240
909,1118,-208
939,1950,-1011
1200,1253,-53
764,1741,-977
982,1539,-556
597,1270,-673
4900,1149,3750
1500,1466,33
725,1291,-565
3499,1491,2008
999,1426,-426
845,1465,-619
821,925,-103
1900,1747,152
1099,739,360
5400,1013,4386
776,1191,-414
768,1120,-352
1300,1244,55
669,855,-185
1900,1852,47
2900,1809,1090
4200,1733,2466
1200,1877,-677
883,1077,-193
738,1106,-368
503,1447,-944
630,1362,-732
2199,1167,1032
928,1164,-235
1800,1464,335
922,1354,-431
2400,1063,1336
999,1453,-453
1200,1260,-60
3300,1984,1315
731,1069,-337
2100,1607,492
2600,1583,1016
998,1345,-347
401,1241,-840
447,978,-531
3800,1033,2766
515,952,-437
1099,870,229
4200,1486,2713
999,1277,-277
669,1865,-1196
1200,1452,-252
876,1000,-124
1099,1210,-110
1099,1278,-178
646,1326,-680
2300,1548,751
2600,1934,665
659,1153,-494
1099,1199,-99
1099,772,327
100,965,-865
1800,1438,361
478,1133,-654
2199,1817,382
2900,1256,1643
4800,1810,2989
4500,1225,3274
934,1869,-935
776,1430,-654
2799,1517,1282
730,1078,-348
801,1173,-372
999,1129,-129
999,1172,-172
802,1308,-506
955,1023,-67
951,970,-19
4500,1143,3356
1300,1249,50
954,1296,-342
1699,1085,614
2300,1702,597
3699,1481,2218
1699,1678,21
2199,1514,685
1699,1337,362
544,889,-344
1300,1149,150
878,1385,-507
3800,1364,2435
1300,1635,-335
779,1368,-589
740,2009,-1268
799,1437,-638
1500,1375,124
1900,1343,556
3099,1625,1474
1599,1221,378
1099,1934,-834
847,1469,-622
1300,1229,70
1500,1554,-54
3099,1155,1944
871,1156,-285
1699,1368,331
4500,1180,3319
1099,1261,-161
1399,1320,79
776,1057,-281
1500,1088,411
1200,1339,-139
3499,2299,1200
1399,1887,-487
836,1445,-609
819,1523,-704
898,1520,-621
2300,2364,-64
1399,1216,183
960,1643,-683
1999,1134,865
1599,1937,-337
3899,2046,1853
1699,1410,289
807,1654,-846
969,1370,-401
1099,2040,-940
685,1363,-678
5100,1887,3212
1200,2036,-836
77,614,-537
3200,1843,1356
2900,1484,1415
3599,1766,1833
1200,1695,-495
805,1841,-1035
1500,1688,-188
649,1210,-560
2600,1676,923
600,1419,-819
999,1591,-591
2100,1570,529
66,1170,-1103
4500,1365,3134
3099,2201,898
4099,1695,2404
1099,1312,-212
605,1246,-640
2499,1916,583
1200,1164,35
1500,1346,153
1500,1715,-215
689,1208,-518
5000,1917,3082
3800,1829,1970
1699,1841,-141
3200,1759,1440
991,1560,-568
1800,1727,72
1200,1394,-194
1200,1694,-494
3599,2187,1412
1300,1495,-195
1399,1689,-289
1300,1335,-35
3800,1572,2227
2799,1618,1181
4099,1863,2236
975,1337,-362
1900,2002,-102
3800,1823,1976
2199,2430,-230
2900,2311,588
2799,1666,1133
728,1840,-1112
5499,1526,3973
1099,1436,-336
2699,1815,884
1399,940,459
5100,1268,3831
858,897,-38
726,1041,-314
940,1261,-321
1800,1320,479
2400,1495,904
843,1485,-642
710,1362,-651
859,1078,-218
979,1329,-349
1099,1756,-656
845,1250,-404
1999,1078,921
2199,1614,585
1900,1504,395
1200,1005,194
1399,1424,-24
915,1437,-521
1300,1004,295
999,1238,-238
782,1524,-741
349,1341,-991
3399,1508,1891
3099,1932,1167
799,1084,-284
2100,1294,805
4600,1351,3248
1099,1070,29
1900,1845,54
1099,1645,-545
5499,2173,3326
1500,1593,-93
1099,1468,-368
863,1174,-310
774,1068,-294
2699,1520,1179
1500,1218,281
682,1568,-886
1099,953,146
1399,2090,-690
995,1262,-266
1099,1526,-426
999,1835,-835
2900,1282,1617
795,969,-174
1500,1977,-477
1699,1356,343
985,1011,-25
2699,1685,1014
851,1140,-288
1500,894,605
1200,1270,-70
1500,1546,-46
2400,1017,1382
1099,1391,-291
683,1122,-439
639,1362,-722
1900,1605,294
1099,1853,-753
1399,1248,151
1099,1370,-270
759,1499,-740
1300,1772,-472
588,924,-335
573,907,-334
773,928,-155
824,1587,-763
379,1422,-1043
528,1012,-484
1699,1791,-91
1399,1366,33
5200,1818,3381
1999,2132,-132
723,1145,-422
950,1279,-329
2600,1755,844
565,1119,-554
2799,1162,1637
3599,1645,1954
5400,1014,4385
1399,1439,-39
804,1303,-499
703,1507,-804
5499,1330,4169
2300,1800,499
781,1420,-639
1300,1225,74
943,1298,-354
926,1292,-365
2100,1240,859
523,1656,-1133
721,926,-204
1800,2101,-301
353,1048,-694
999,1417,-417
1900,1389,510
1699,1297,402
1999,1132,867
480,1118,-638
1800,1264,535
1099,1301,-201
666,939,-273
699,1379,-679
1599,1721,-121
566,1212,-646
1300,1232,67
1999,1549,450
786,1051,-265
943,1436,-492
1200,2178,-978
1800,1572,227
508,1399,-891
1200,1135,64
1200,1197,2
1800,2261,-461
2499,1650,849
1999,1567,432
701,1201,-499
922,1059,-136
291,1360,-1069
5299,1296,4003
1099,1564,-464
1099,1326,-226
2600,1317,1282
882,1193,-310
725,926,-201
4400,1770,2629
972,1036,-63
898,1330,-432
1200,2165,-965
1900,1510,389
999,1152,-152
1399,1327,72
2600,1995,604
4800,1538,3261
2199,1406,793
1699,1267,432
659,1073,-413
515,1140,-625
1300,1589,-289
5499,1600,3899
2900,1507,1392
922,1076,-154
669,1191,-522
1200,1688,-488
847,1266,-419
543,1201,-657
539,1714,-1175
2699,1247,1452
694,1038,-344
1200,1548,-348
1200,1418,-218
694,885,-190
1200,1170,29
827,1136,-308
999,1123,-123
3499,2106,1393
1300,966,333
3699,1259,2440
858,1202,-344
3899,1644,2255
3200,1373,1826
2400,1845,554
1399,1194,205
1900,1685,214
2100,1515,584
1699,901,798
1500,1176,323
1200,1709,-509
623,1610,-987
1900,1001,898
1099,1104,-4
655,875,-219
5299,1197,4102
1399,1307,92
1900,1252,647
752,1237,-484
3399,1490,1909
825,1068,-242
995,995,0
48,1050,-1002
605,867,-261
1399,1312,87
1500,1364,135
1399,1324,75
2799,1641,1158
3099,1762,1337
672,1323,-651
1599,1364,235
4099,1936,2163
4099,2061,2038
1900,1752,147
1500,1177,322
1900,1057,842
755,1166,-411
2799,1691,1108
2199,1506,693
1500,1453,46
1099,1417,-317
1999,1418,581
999,1048,-48
776,1293,-517
1900,1072,827
4200,1157,3042
3200,1203,1996
1900,1580,319
1200,1601,-401
1399,1671,-271
928,1230,-302
4400,1608,2791
2199,1379,820
532,1018,-486
721,1105,-383
811,1469,-658
863,965,-101
745,1378,-633
1599,1652,-52
974,1573,-599
2100,1909,190
1099,1844,-744
1999,1665,334
1599,1958,-358
1500,1493,6
2600,1811,788
1800,1397,402
1500,907,592
812,1237,-425
926,1226,-299
4300,1941,2358
1099,1386,-286
574,937,-363
864,1508,-643
872,1307,-435
3300,1023,2276
566,983,-417
999,1228,-228
1599,1178,421
57,1014,-957
1099,1530,-430
883,1271,-387
3599,1373,2226
1999,1270,729
2499,1893,606
2900,1333,1566
699,1211,-511
1099,1455,-355
538,1161,-623
716,1005,-288
1399,1252,147
1399,2108,-708
1699,1489,210
999,893,106
2199,1380,819
799,1013,-214
2799,1595,1204
1099,1379,-279
523,918,-394
647,1139,-492
895,1283,-387
1300,1095,204
2400,1200,1199
1300,1881,-581
4200,1276,2923
2100,1949,150
1200,1220,-20
1099,1320,-220
578,1416,-838
601,1391,-789
654,1120,-465
915,1528,-612
1399,1389,10
1900,2361,-461
3300,2115,1184
833,1509,-676
743,1004,-260
2600,1680,919
2199,1461,738
1500,1506,-6
921,1053,-132
1800,1673,126
912,1133,-220
4900,1502,3397
1999,1130,869
1200,987,212
1399,2057,-657
1300,1386,-86
1200,1896,-696
1800,1339,460
1099,1041,58
1099,1594,-494
906,1196,-289
996,1315,-318
747,862,-115
3099,1014,2085
1099,1323,-223
1900,1241,658
1399,1432,-32
2600,1378,1221
3200,1963,1236
1300,888,411
1599,1517,82
796,1165,-369
578,1016,-438
755,1056,-301
1099,1140,-40
1099,1102,-2
3300,1700,1599
1099,1733,-633
802,687,114
619,1124,-505
1599,1555,44
1399,1281,118
2600,1401,1198
2199,1798,401
2799,1330,1469
1500,1631,-131
4099,2260,1839
1699,1530,169
1200,1234,-34
1599,1617,-17
1300,1652,-352
3200,2027,1172
1099,1478,-378
1699,2105,-405
2600,1566,1033
1999,2266,-266
743,1227,-483
2600,1607,992
2199,1436,763
3899,2148,1751
1200,1678,-478
1800,1648,151
999,1566,-566
2799,2376,423
1500,1878,-378
2600,1438,1161
959,1255,-296
1699,2282,-582
851,1335,-484
1099,1746,-646
1900,2035,-135
1399,1975,-575
904,1545,-640
827,699,128
1500,1887,-387
4200,1836,2363
3300,1634,1665
742,1600,-858
1200,1703,-503
1200,1472,-272
1300,1380,-80
833,1898,-1065
1800,1622,177
2999,1639,1360
1300,1711,-411
3300,1836,1463
1200,1704,-504
1900,1493,406
4600,2250,2349
1099,1864,-764
1399,1361,38
1200,1809,-609
886,1869,-983
845,1304,-459
1500,1332,167
3300,1734,1565
3499,2611,888
1399,1943,-543
2799,2149,650
1900,1246,653
2699,1436,1263
2100,1871,228
716,1218,-502
1099,1433,-333
760,1105,-345
1599,1512,87
4900,1776,3123
1699,1564,135
906,1078,-171
850,1413,-563
1099,1592,-492
1800,1373,426
2100,1250,849
1699,2041,-341
3599,1885,1714
1399,1497,-97
436,1555,-1118
762,1216,-453
1500,1538,-38
1200,1115,84
1599,1007,592
1099,1342,-242
1200,1305,-105
1300,1875,-575
712,951,-239
1399,1597,-197
1599,1244,355
667,1253,-585
1300,1184,115
2300,1180,1119
723,1326,-603
1300,1651,-351
4800,1780,3019
3099,1368,1731
1500,966,533
858,2043,-1184
889,1639,-750
1900,1573,326
1399,1177,222
703,1610,-906
1599,1223,376
1099,1386,-286
769,1221,-451
2499,1234,1265
1099,1396,-296
933,1037,-104
851,1606,-754
1300,1092,207
1699,1767,-67
998,1640,-642
1699,1087,612
1800,1383,416
1599,1913,-313
1200,2254,-1054
1900,1635,264
2699,1361,1338
861,1483,-621
1399,1194,205
776,1426,-649
1399,1124,275
1099,1773,-673
1300,1311,-11
1399,1424,-24
1300,999,300
1099,1113,-13
2400,1357,1042
2900,1379,1520
5200,1605,3594
909,1467,-557
911,958,-46
1099,1605,-505
2100,1518,581
959,1392,-433
904,1278,-373
826,1360,-533
230,1654,-1423
926,1595,-668
4900,1306,3593
1200,1352,-152
4600,1971,2628
900,1007,-107
731,1201,-469
1699,1286,413
2600,1307,1292
888,1188,-300
2400,1320,1079
2699,1558,1141
3300,1653,1646
929,1013,-83
1300,1800,-500
3999,1953,2046
3399,1706,1693
792,1342,-549
527,1189,-662
1099,898,201
2499,1642,857
999,1732,-732
2900,1921,978
892,1789,-896
1300,1178,121
4300,1627,2672
1099,1516,-416
1300,1588,-288
471,1432,-961
1399,1193,206
1300,1350,-50
2100,1122,977
900,797,103
999,958,41
921,1611,-690
999,1237,-237
1099,1138,-38
396,1556,-1160
671,2027,-1356
1300,1919,-619
860,1062,-201
1399,1390,9
653,1479,-826
452,1008,-556
1900,911,988
1900,1680,219
1099,753,346
1099,1111,-11
380,1227,-847
1099,1565,-465
716,1378,-661
895,1745,-850
1099,1201,-101
1699,1256,443
3499,1308,2191
4400,1912,2487
999,1154,-154
1300,1394,-94
705,1293,-588
3399,2278,1121
439,1238,-799
563,1240,-677
2100,1590,509
1300,1486,-186
1399,1080,319
568,1039,-471
974,1424,-450
3300,1602,1697
1300,1983,-683
999,1028,-28
656,1080,-423
2199,1486,713
1300,1257,42
1300,1132,167
4600,1343,3256
3499,1935,1564
780,1059,-279
3800,1466,2333
858,1191,-332
849,1130,-281
4300,1951,2348
863,1086,-222
1099,1482,-382
1900,1228,671
998,1210,-212
1800,1468,331
2100,968,1131
1200,1290,-90
4400,1368,3031
3399,1969,1430
546,1108,-562
3399,1220,2179
1399,1513,-113
1399,1177,222
1300,1447,-147
1300,1250,49
1099,1008,91
963,947,15
2400,1329,1070
5200,2165,3034
940,1215,-275
2199,1254,945
943,1676,-733
2999,1945,1054
549,1357,-807
999,1818,-818
728,1129,-401
967,1472,-504
957,1325,-367
970,1175,-205
1900,1157,742
834,1032,-197
1500,1522,-22
985,1186,-200
1200,1143,56
987,1189,-202
1099,1653,-553
1099,1394,-294
633,1181,-547
4200,979,3220
873,1624,-750
2699,1002,1697
1099,1150,-50
374,947,-572
1599,1957,-357
2999,1451,1548
568,1035,-467
333,1337,-1004
516,1286,-770
1200,2037,-837
1200,892,307
1099,1776,-676
597,1413,-815
1999,1874,125
1300,1448,-148
1099,1455,-355
996,1229,-232
841,1014,-173
1699,1380,319
1200,1356,-156
1099,1323,-223
933,1074,-141
755,1514,-759
1900,1610,289
424,1206,-782
1200,1202,-2
1800,1588,211
790,1121,-331
2300,1274,1025
1399,1579,-179
2900,1865,1034
2199,1746,453
1399,2145,-745
1399,1551,-151
777,1368,-590
2600,1162,1437
999,1069,-69
1500,1297,202
1300,1100,199
999,1571,-571
892,1507,-614
950,1207,-257
1399,1752,-352
4500,1681,2818
967,1548,-580
999,1501,-501
2799,1807,992
869,1340,-471
698,1263,-564
1099,1433,-333
2600,1609,990
5100,1588,3511
878,1034,-156
1599,1194,405
908,1085,-177
603,936,-333
1900,2005,-105
1399,1348,51
1399,1868,-468
649,1317,-667
1699,1376,323
1999,1952,47
962,1907,-945
1099,1112,-12
862,1060,-197
1200,1183,16
879,1561,-681
1399,1256,143
738,1204,-466
1200,1199,0
2100,1419,680
723,1225,-502
717,1338,-620
807,1161,-354
1699,1837,-137
999,1192,-192
1500,1572,-72
827,1305,-477
951,1116,-164
1200,1077,122
2999,1121,1878
609,1034,-425
1800,1494,305
2300,1859,440
762,1354,-591
2999,1302,1697
999,1339,-339
805,1126,-321
2100,1167,932
1300,1168,131
1599,907,692
1200,1324,-124
947,1200,-253
2900,1375,1524
1399,1349,50
1099,1720,-620
1699,1777,-77
1300,1739,-439
655,1409,-753
2300,1128,1171
1099,1115,-15
553,1118,-565
723,1248,-525
768,1520,-752
2600,1721,878
1399,1243,156
1699,1527,172
1500,1233,266
2300,1307,992
1099,1615,-515
765,1309,-544
3699,1327,2372
1200,1123,76
1399,1231,168
874,1011,-136
1599,1124,475
1200,1106,93
801,995,-194
2900,1367,1532
765,1293,-527
3599,1067,2532
1099,1423,-323
759,1137,-378
723,960,-237
1300,1229,70
687,1319,-631
1300,1802,-502
1300,1667,-367
2300,2163,136
2699,1257,1442
1500,1145,354
1200,1288,-88
1200,1369,-169
2900,1857,1042
2199,1009,1190
1200,1329,-129
2600,1631,968
2999,1589,1410
1300,1159,140
1800,1581,218
985,1077,-92
482,1428,-945
1399,1349,50
4300,1267,3032
1399,1172,227
1300,1386,-86
1200,1176,23
2600,1448,1151
1099,1609,-509
2600,1002,1597
1300,1781,-481
1399,1327,72
458,858,-400
698,1022,-323
1800,1610,189
2900,1975,924
1300,1288,11
2900,1728,1171
1399,1347,52
1900,1545,354
1500,1654,-154
1099,1068,31
2199,1383,816
1500,1174,325
1399,2250,-850
2900,1661,1238
2799,2101,698
1900,1652,247
1599,1611,-11
4200,2269,1930
1699,1484,215
1099,1776,-676
2799,2565,234
1099,1449,-349
719,1740,-1021
2900,1826,1073
1200,1321,-121
1200,1507,-307
1599,1720,-120
1099,1315,-215
2999,2087,912
4400,1558,2841
999,1247,-247
1999,1853,146
1300,1410,-110
1200,1205,-5
3999,1995,2004
3099,2681,418
2100,1526,573
3699,1654,2045
1599,1771,-171
999,1668,-668
1300,1777,-477
1399,2070,-670
3300,2032,1267
1300,2185,-885
895,1685,-790
1999,2326,-326
1699,1385,314
1300,1925,-625
2900,1601,1298
1099,1801,-701
962,1624,-662
1900,1481,418
3300,1875,1424
858,1369,-510
1699,1733,-33
3699,1851,1848
1800,1913,-113
1099,1672,-572
1500,1781,-281
853,1862,-1009
4300,1696,2603
1300,1732,-432
1099,1466,-366
2199,1489,710
4200,2147,2052
1300,1375,-75
1599,1429,170
904,885,19
459,1352,-893
2600,1228,1371
461,968,-507
1099,1789,-689
792,1249,-456
3699,1583,2116
1500,1427,72
2100,1879,220
1099,1687,-587
910,1180,-269
832,1296,-464
749,1575,-825
2499,1440,1059
1599,1194,405
829,1295,-466
1699,1115,584
805,921,-116
3200,1513,1686
1999,1202,797
999,1041,-41
999,1440,-440
999,1586,-586
975,1657,-682
1399,1191,208
786,982,-196
1200,1056,143
1200,1285,-85
1999,1291,708
987,1024,-37
999,1308,-308
2300,958,1341
1399,1551,-151
1399,1928,-528
1300,1705,-405
532,1383,-850
1900,2123,-223
745,935,-189
1800,960,839
2499,1591,908
2100,1643,456
2199,1217,982
1999,1808,191
999,974,25
1200,1416,-216
996,1403,-406
947,1050,-102
2799,1320,1479
1999,1249,750
4200,1381,2818
1200,1426,-226
1399,1183,216
5400,1451,3948
869,1484,-615
999,1132,-132
1200,2324,-1124
999,1371,-371
999,906,93
2600,1084,1515
1099,1132,-32
4600,1231,3368
1099,1468,-368
1300,1021,278
786,1085,-298
1500,1714,-214
1699,1717,-17
1500,1498,1
799,1032,-233
1200,1144,55
1099,1378,-278
2199,1741,458
882,1377,-495
4200,2032,2167
723,988,-265
1900,1445,454
1200,1358,-158
1099,1062,37
3599,1096,2503
1200,1123,76
1099,1269,-169
955,1326,-371
1200,1219,-19
2300,1433,866
1099,1006,93
554,1118,-564
2900,1769,1130
1500,1527,-27
2999,1892,1107
999,1012,-12
619,981,-362
1300,1191,108
689,1723,-1033
1099,1473,-373
1399,1832,-432
2100,1811,288
1200,1617,-417
3599,1254,2345
4400,856,3543
859,1336,-476
755,1578,-823
499,1212,-713
1200,1333,-133
1399,1334,65
2600,2017,582
121,866,-745
2400,1482,917
1500,1344,155
2400,1104,1295
642,1852,-1210
1200,1105,94
2199,1852,347
1699,971,728
749,1093,-343
999,1058,-58
1099,1826,-726
5400,1491,3908
784,1107,-322
999,1195,-195
1300,1109,190
663,1282,-619
1500,1341,158
1399,1227,172
2400,1302,1097
2999,1217,1782
1099,1179,-79
1200,1150,49
2600,1054,1545
850,1105,-255
559,1139,-579
1500,1000,499
1999,1312,687
2600,1810,789
755,1635,-880
1699,1306,393
2300,1766,533
820,1091,-270
1200,1039,160
673,921,-248
93,1354,-1261
991,1523,-531
698,1452,-753
895,1256,-361
1399,1672,-272
995,1522,-526
1300,1127,172
982,1533,-550
952,1042,-89
940,1155,-214
1099,1380,-280
999,1018,-18
1099,1961,-861
999,1575,-575
512,1131,-618
658,967,-309
1200,1681,-481
3399,2128,1271
605,1187,-581
794,1411,-617
2699,1274,1425
1999,1297,702
501,1181,-679
1900,1073,826
777,945,-167
698,1330,-631
1500,933,566
1099,1199,-99
884,929,-44
1500,1068,431
1099,1416,-316
782,1262,-480
951,1089,-138
4600,1515,3084
703,934,-230
3899,1293,2606
1500,1210,289
1399,2040,-640
1099,1399,-299
1599,1708,-108
1800,1270,529
1300,1319,-19
2699,1432,1267
1699,1352,347
1500,1457,42
2600,1581,1018
2799,1422,1377
677,812,-135
2699,1642,1057
3200,1999,1200
413,1135,-722
900,1374,-474
817,1061,-244
2100,1372,727
680,1413,-732
1699,1177,522
710,1153,-442
2999,1401,1598
587,1050,-463
1399,1161,238
669,1300,-630
1200,1742,-542
964,925,38
1200,1067,132
1200,991,208
2100,1106,993
1099,1229,-129
694,638,56
990,2421,-1431
4800,1934,2865
4099,1178,2921
4500,1482,3017
999,1252,-252
743,1288,-544
1500,1284,215
999,1127,-127
2300,1554,745
3399,1033,2366
1399,1505,-105
1500,1147,352
609,1261,-652
1599,1040,559
4699,1703,2996
739,1070,-330
981,1439,-457
3200,1713,1486
817,1064,-246
1900,1380,519
1099,1228,-128
2300,1440,859
3099,1130,1969
978,1536,-558
2199,1175,1024
642,1146,-503
848,1276,-428
1300,1076,223
2499,1152,1347
1300,1476,-176
999,911,88
766,1427,-660
689,1191,-501
754,1822,-1068
1599,1136,463
1099,1068,31
1099,1193,-93
1099,1482,-382
637,1506,-868
1699,1221,478
1500,1389,110
603,1048,-445
629,1119,-490
717,1193,-475
1699,1091,608
922,1470,-548
3300,1262,2037
2699,1820,879
488,1262,-774
671,1579,-908
1399,1412,-12
1500,1646,-146
1200,1102,97
1300,1984,-684
2199,2042,157
1200,1554,-354
635,1762,-1127
1900,1471,428
853,1224,-371
517,1461,-943
3300,1712,1587
607,1171,-564
743,1303,-560
815,1567,-752
1800,1204,595
2100,1218,881
817,1182,-364
1800,1004,795
841,1506,-665
1300,1349,-49
898,1230,-331
559,1072,-512
1300,1279,20
568,1124,-556
3200,1143,2056
2600,1350,1249
1900,1574,325
781,1339,-558
1099,1142,-42
594,1242,-648
701,1487,-786
824,1350,-526
1200,1785,-585
1399,1415,-15
866,1229,-362
691,1336,-645
1500,1128,371
831,1132,-301
4500,1549,2950
3999,1210,2789
2300,1351,948
1300,1029,270
1699,1278,421
782,1223,-441
3300,1424,1875
1200,1558,-358
1200,1672,-472
811,987,-176
1200,1398,-198
1399,988,411
860,1358,-497
2499,1365,1134
677,1051,-373
1300,1253,46
807,1241,-433
723,1116,-392
1800,916,883
820,1354,-533
934,1388,-454
1500,1854,-354
3200,1386,1813
999,1274,-274
1099,1577,-477
936,1369,-432
1300,1274,25
605,1010,-404
1399,1059,340
2400,1464,935
563,1116,-553
1599,1390,209
1099,1355,-255
776,1261,-484
999,1508,-508
752,1042,-289
893,1478,-584
1099,1475,-375
22,1243,-1221
999,1331,-331
1099,884,215
1200,988,211
3599,1912,1687
1500,1703,-203
1800,1138,661
853,1154,-301
580,1394,-813
903,1332,-429
2699,1281,1418
772,1094,-322
916,1182,-265
1099,1024,75
1099,1143,-43
3099,1055,2044
786,911,-124
1999,1703,296
1399,1101,298
999,1309,-309
947,1228,-280
1999,1067,932
2199,1603,596
1399,2186,-786
936,1236,-299
1699,1616,83
716,1405,-689
999,1141,-141
1699,1340,359
999,1199,-199
3499,1276,2223
1900,1305,594
4400,1067,3332
1399,1241,158
1500,1477,22
1999,1780,219
937,1358,-420
557,1065,-508
2100,1160,939
1800,1404,395
762,923,-161
1500,1105,394
754,1239,-485
1200,1674,-474
1500,1414,85
786,1543,-756
1099,1167,-67
1399,1457,-57
2199,1852,347
27,964,-936
5200,1534,3665
1099,1174,-74
821,1115,-293
1800,1613,186
461,1242,-780
1699,1863,-163
1699,1617,82
1500,2031,-531
3499,2821,678
1300,1907,-607
1399,1718,-318
826,1276,-449
1599,1637,-37
3699,2621,1078
1399,2079,-679
1399,1943,-543
4099,2036,2063
1500,1277,222
1300,1819,-519
1300,1531,-231
1300,2103,-803
812,2040,-1227
952,2030,-1077
2199,1770,429
1099,1330,-230
1200,1954,-754
2499,2232,267
790,1796,-1006
1200,1536,-336
1900,2062,-162
1200,1416,-216
1399,1846,-446
999,1956,-956
1399,2472,-1072
1900,1840,59
2199,1857,342
4099,1411,2688
1399,1804,-404
1200,1385,-185
1500,1795,-295
853,1706,-853
1800,1372,427
2100,1512,587
1399,1745,-345
1200,1758,-558
5100,1535,3564
1300,1934,-634
1300,1573,-273
1399,1566,-166
3399,1469,1930
1099,1639,-539
924,1822,-897
1999,1763,236
2400,1848,551
5100,1938,3161
906,1862,-956
1300,1841,-541
1200,1602,-402
3300,1923,1376
1699,1976,-276
2199,1801,398
1099,2046,-946
676,1159,-483
2300,1064,1235
895,1413,-517
697,1061,-364
472,1176,-703
1599,1905,-305
1800,1134,665
511,1374,-863
790,1130,-340
1300,1086,213
554,1174,-620
993,1466,-473
1200,1081,118
3099,1079,2020
560,1388,-827
922,1003,-81
4300,1830,2469
1900,1389,510
3300,1727,1572
703,1385,-681
1300,999,300
918,1089,-170
999,1188,-188
1699,1349,350
855,1288,-432
4500,1706,2793
1399,1158,241
1500,1433,66
999,1079,-79
962,941,20
1300,1246,53
2400,1493,906
1500,1193,306
663,1264,-600
783,1043,-259
1099,1846,-746
902,1030,-128
1500,1465,34
2199,1420,779
1200,1344,-144
1699,2035,-335
1900,1262,637
563,1255,-692
1099,1155,-55
896,1249,-352
677,1480,-803
655,1025,-369
632,1020,-388
1200,959,240
2900,1811,1088
1300,992,307
3899,2063,1836
5100,1348,3751
687,1663,-975
912,844,68
1999,1208,791
3599,1377,2222
730,957,-227
2600,1528,1071
630,1155,-525
1300,1007,292
1300,1606,-306
527,1269,-742
1900,1404,495
1399,1093,306
4099,1119,2980
3499,1805,1694
1200,1215,-15
918,1318,-400
4099,1994,2105
1599,1836,-236
2199,1303,896
2799,1025,1774
883,1365,-481
1200,1701,-501
2699,1351,1348
1099,1336,-236
2600,1268,1331
1599,1376,223
1500,1588,-88
999,1073,-73
929,1204,-274
2699,1963,736
1099,1303,-203
1699,1220,479
1300,1197,102
2100,1310,789
805,1121,-316
1200,1401,-201
824,1029,-205
5000,1657,3342
732,851,-118
88,1471,-1382
758,1356,-598
918,1020,-101
2799,1762,1037
999,1651,-651
1200,1284,-84
812,1375,-563
2300,1157,1142
1800,1039,760
1099,1163,-63
1399,1644,-244
1200,1577,-377
1699,1178,521
78,1167,-1089
1200,1118,81
1200,1514,-314
1500,1222,277
3200,1347,1852
480,1168,-687
2999,1716,1283
1500,1764,-264
883,1198,-314
850,1290,-440
1200,1141,58
999,1394,-394
4800,1525,3274
4800,1754,3045
549,1164,-614
1599,1367,232
725,1033,-307
699,1530,-830
890,1187,-296
601,1495,-894
529,967,-438
1300,1660,-360
931,1211,-279
945,1310,-364
2400,1164,1235
1999,1474,525
775,1182,-407
1099,1028,71
999,1288,-288
1900,1941,-41
999,1299,-299
2199,1443,756
1099,1217,-117
1399,1642,-242
745,966,-221
267,1676,-1408
1099,1290,-190
862,1102,-239
2100,1352,747
908,950,-42
1900,1361,538
2400,1494,905
566,1253,-687
2300,1810,489
2999,1876,1123
1399,1379,20
2600,1437,1162
1099,1148,-48
580,1125,-544
1099,1683,-583
4600,1269,3330
1099,1657,-557
1800,1362,437
617,1225,-607
826,1239,-412
788,1578,-790
1099,1328,-228
805,1177,-371
3999,1429,2570
858,1001,-142
2199,1783,416
1699,1497,202
906,1318,-411
940,1152,-211
1200,1140,59
780,1086,-306
1699,1552,147
508,1244,-735
404,1065,-660
991,1326,-334
2100,1207,892
1300,1539,-239
2699,1539,1160
2999,1600,1399
1099,1339,-239
1200,1503,-303
1500,1035,464
1099,1306,-206
2600,1397,1202
1099,1416,-316
549,1033,-483
1200,1932,-732
1200,1388,-188
617,1105,-487
1300,1061,238
1699,1266,433
464,1239,-775
554,1261,-707
707,1675,-968
504,1772,-1268
701,928,-227
1399,2164,-764
1399,1202,197
474,1069,-595
1699,1185,514
981,1221,-240
985,1284,-299
3200,1236,1963
627,1793,-1166
3599,1957,1642
999,1522,-522
1300,1565,-265
913,1666,-752
1599,1928,-328
3200,1630,1569
2400,1082,1317
982,1086,-103
1399,1318,81
1699,1353,346
1399,1023,376
1500,1080,419
1399,1748,-348
975,1892,-917
999,1448,-448
838,1528,-689
608,1723,-1115
691,1391,-700
1200,1404,-204
4600,2160,2439
3399,1699,1700
770,1363,-592
4699,1515,3184
1999,1328,671
3699,1404,2295
817,1456,-638
898,1363,-464
797,1392,-595
985,1668,-682
1800,1080,719
1800,1390,409
1300,1533,-233
1399,1014,385
895,1354,-458
2999,1054,1945
786,1401,-614
1099,1251,-151
864,1142,-277
854,1314,-460
1399,1383,16
642,1101,-458
999,1436,-436
1200,1419,-219
1399,1161,238
1399,1000,399
841,1023,-181
1599,1372,227
4400,1984,2415
934,1020,-86
926,1468,-542
996,1155,-158
1699,1153,546
882,913,-31
3300,1576,1723
3899,1511,2388
1099,1922,-822
1099,1217,-117
1399,1257,142
4200,1110,3089
1300,1159,140
5100,2027,3072
1900,1374,525
532,1388,-856
883,1143,-259
698,1705,-1007
497,1004,-507
1800,1337,462
3499,1405,2094
1599,1163,436
477,1186,-709
923,1535,-611
683,1574,-890
915,1535,-619
1500,1536,-36
609,1548,-939
874,1505,-630
689,1145,-455
869,1480,-611
995,1249,-253
929,1271,-341
786,1478,-692
698,1602,-904
669,1331,-661
728,1205,-477
1500,1472,27
999,1079,-79
1099,1377,-277
1599,977,622
1300,1448,-148
3200,1505,1694
579,1187,-608
1300,1102,197
1099,1246,-146
1200,1257,-57
5100,1738,3361
1800,1488,311
1200,1393,-193
710,1284,-574
957,1225,-267
962,936,25
4400,1508,2891
2799,1748,1051
654,1282,-627
1399,1224,175
752,1073,-321
758,1105,-347
4800,1718,3081
516,1390,-874
1699,1489,210
766,1117,-350
2499,1008,1491
851,1477,-625
2199,1533,666
591,1280,-689
5100,1982,3117
601,1171,-569
900,1200,-300
2400,998,1401
1200,1598,-398
1200,1120,79
999,1198,-198
1699,1173,526
4600,1379,3220
1800,1325,474
1099,1238,-138
3300,1233,2066
1399,1349,50
2100,1464,635
3800,1276,2523
576,974,-398
999,1206,-206
1699,1342,357
721,975,-254
853,912,-59
3899,1131,2768
1300,1153,146
1300,1147,152
1099,1314,-214
1300,1387,-87
1900,1237,662
3200,1585,1614
884,967,-82
3300,1695,1604
1099,1359,-259
3200,1197,2002
821,1426,-604
1200,1611,-411
863,1569,-705
936,1222,-285
1900,1234,665
1099,1430,-330
967,1063,-95
1599,1441,158
1699,1131,568
2699,1096,1603
900,1701,-801
697,1123,-426
4400,1218,3181
999,1538,-538
848,1547,-699
765,972,-207
1099,1247,-147
776,1346,-570
705,1156,-450
969,1114,-145
1099,1198,-98
999,1219,-219
1800,988,811
1399,1347,52
687,1036,-348
1200,1370,-170
1300,1340,-40
1699,1171,528
773,1006,-233
720,1282,-562
83,1043,-960
5299,1910,3389
790,1203,-413
1599,1411,188
1500,1156,343
2699,1862,837
970,2251,-1281
2100,1878,221
1200,1629,-429
2499,1707,792
2699,2361,338
963,1678,-715
1599,1432,167
1599,1978,-378
1300,1545,-245
1300,1289,10
1999,1780,219
2499,1859,640
1699,1778,-78
1200,1314,-114
1099,1934,-834
2900,1684,1215
1099,1832,-732
3599,1892,1707
2199,2660,-460
841,1389,-548
2100,1615,484
1099,1859,-759
1300,1663,-363
2199,1340,859
1699,1804,-104
3200,1544,1655
1200,1856,-656
988,1471,-483
1300,1401,-101
999,1235,-235
1099,1173,-73
1300,1616,-316
1999,1792,207
989,1380,-391
4200,1613,2586
1300,1235,64
1599,2156,-556
5200,2292,2907
1800,1666,133
2900,1577,1322
1099,1607,-507
1800,2095,-295
1099,1820,-720
568,1102,-534
1599,1157,442
1399,1368,31
1099,923,176
794,1208,-414
999,1378,-378
1399,1181,218
3599,1604,1995
748,1332,-583
637,1187,-549
5400,1422,3977
1500,1620,-120
2100,1313,786
1599,1119,480
967,1227,-259
2699,1294,1405
2799,1486,1313
999,1164,-164
786,1389,-602
577,990,-413
808,1327,-518
745,1504,-758
1699,1417,282
2199,1474,725
1699,1206,493
1900,1431,468
666,984,-317
858,1013,-154
3200,1487,1712
1300,1442,-142
2999,1548,1451
720,1542,-822
759,1027,-268
1200,963,236
1599,1249,350
1200,1448,-248
1800,1296,503
1599,1027,572
931,881,49
815,1740,-925
1500,1617,-117
4300,1149,3150
1099,1458,-358
520,1187,-667
1399,1301,98
548,1733,-1185
877,982,-105
892,1643,-750
1599,1214,385
1099,1131,-31
461,1061,-599
1099,1068,31
557,1233,-675
4500,1304,3195
531,1041,-510
1699,1334,365
665,1180,-515
855,1287,-431
4400,989,3410
955,1239,-283
1200,929,270
2799,1293,1506
4600,1535,3064
656,789,-132
1099,1353,-253
2199,1472,727
848,1089,-241
597,1236,-638
979,1012,-32
478,1204,-726
465,1354,-888
3599,1210,2389
776,1118,-341
111,991,-879
3499,1638,1861
999,1610,-610
539,1338,-799
1300,1491,-191
817,1065,-248
811,1269,-458
1099,1650,-550
999,1306,-306
627,1028,-401
2300,1506,793
1599,1270,329
999,1383,-383
1800,1244,555
3800,1395,2404
665,1232,-567
1300,1524,-224
859,1087,-227
1300,1447,-147
799,1691,-891
565,998,-433
683,958,-274
496,1061,-565
2199,1491,708
1099,865,234
559,1060,-500
2499,1386,1113
2400,1158,1241
5499,2017,3482
877,1191,-314
1399,1171,228
2499,1186,1313
3899,1428,2471
447,1416,-968
2499,1428,1071
1099,1785,-685
1099,1320,-220
823,1207,-384
831,1213,-382
982,1030,-47
959,1129,-170
1399,1116,283
1999,1651,348
1399,1332,67
1200,1259,-59
736,850,-113
841,1472,-631
1099,1049,50
2799,1439,1360
698,1044,-346
815,1268,-452
779,917,-138
1900,996,903
2600,1803,796
999,1748,-748
760,1065,-305
762,1112,-349
580,1046,-466
2300,1135,1164
3399,1299,2100
3300,1299,2000
663,1246,-582
1099,1305,-205
1599,1741,-141
1300,1071,228
844,1359,-515
999,1067,-67
3699,1361,2338
532,1021,-489
1900,1151,748
2300,979,1320
1399,914,485
2400,1372,1027
1599,1564,35
3800,1494,2305
613,1024,-411
573,1123,-550
4099,1089,3010
1200,1873,-673
1999,1203,796
1099,1157,-57
804,895,-91
1500,1006,493
588,1134,-545
864,1326,-461
1099,1578,-478
4699,1172,3527
1200,1245,-45
972,1331,-359
1300,1440,-140
1999,1115,884
3599,1281,2318
542,1112,-569
1200,1377,-177
1900,1146,753
1599,586,1013
1599,1452,147
1099,1161,-61
2100,1652,447
851,1580,-729
926,1393,-467
594,1074,-480
1500,1091,408
954,1420,-466
1099,1264,-164
454,1140,-685
1599,1099,500
999,956,43
512,1168,-655
768,966,-198
863,1003,-139
557,1101,-543
985,958,27
36,1174,-1138
5100,1325,3774
4099,1378,2721
2199,1875,324
1599,1171,428
656,1006,-349
920,835,84
1900,1781,118
3200,1695,1504
1300,1235,64
983,1274,-290
571,1081,-509
1999,1260,739
420,1462,-1041
3599,1557,2042
4900,1421,3478
1099,1373,-273
1099,1622,-522
773,1292,-519
964,1428,-464
1300,1424,-124
705,1073,-367
2300,1203,1096
972,1660,-687
823,971,-148
999,1689,-689
1300,1149,150
999,1062,-62
999,896,103
1399,1224,175
1099,1366,-266
918,1063,-144
903,1141,-238
896,1007,-110
3999,1464,2535
1200,1796,-596
4900,1290,3609
571,1013,-442
955,1355,-400
1900,1235,664
890,1204,-314
1399,1233,166
939,1238,-299
1099,1019,80
1399,1839,-439
654,980,-325
1200,1491,-291
1200,1523,-323
812,1012,-200
999,1116,-116
999,1830,-830
536,936,-400
779,1378,-599
110,1069,-958
1099,1675,-575
999,1198,-198
1699,1480,219
710,1214,-504
5000,1523,3476
1099,944,155
689,954,-264
987,1432,-445
1599,1480,119
4600,1572,3027
999,1314,-314
598,1778,-1179
5000,1814,3185
522,1293,-771
844,996,-152
754,992,-238
999,1532,-532
3499,1348,2151
1300,1292,7
2600,1504,1095
881,1074,-193
1200,1790,-590
1399,1431,-31
1599,2168,-568
892,944,-51
1099,1729,-629
815,1295,-479
858,931,-72
1399,1915,-515
3200,1445,1754
4699,1989,2710
1500,1223,276
1099,968,131
542,1152,-610
1500,1448,51
1200,1285,-85
999,1044,-44
1399,1570,-170
1200,1154,45
775,1121,-346
1099,1441,-341
4200,1796,2403
745,1473,-727
1399,1660,-260
1399,1646,-246
2400,926,1473
4099,1120,2979
1399,1009,390
3599,1366,2233
1300,1437,-137
639,1317,-677
1399,1308,91
485,1666,-1181
832,1282,-450
1300,1006,293
1500,1154,345
4200,1358,2841
2499,1341,1158
779,872,-93
471,970,-499
485,1607,-1121
963,1221,-258
1599,1055,544
877,1058,-181
4099,1381,2718
1599,1191,408
3999,1446,2553
621,1051,-429
27,1328,-1300
788,984,-195
554,1455,-901
656,1125,-468
1500,1290,209
972,973,-1
1099,1263,-163
2199,1498,701
2100,1573,526
1399,1047,352
2400,1114,1285
3699,1533,2166
1300,946,353
627,893,-266
1699,1399,300
922,924,-1
1900,1328,571
3200,1758,1441
999,1369,-369
1200,1451,-251
1399,938,461
991,1320,-329
841,1127,-285
4500,1580,2919
1399,1004,395
1599,1557,42
865,1501,-635
4400,1071,3328
1300,1215,84
1500,1093,406
995,1251,-255
709,1476,-767
582,1488,-905
805,1324,-518
508,1242,-734
1399,1131,268
1599,1715,-115
739,1379,-639
2199,1386,813
924,1188,-263
1800,1557,242
2999,1180,1819
1200,1416,-216
999,1060,-60
1200,931,268
1699,1813,-113
1300,1070,229
1200,1422,-222
1500,1536,-36
2300,1163,1136
1599,1206,393
726,1290,-563
945,1505,-559
823,1229,-406
2100,1230,869
1099,1296,-196
1500,1134,365
1599,1114,485
607,914,-307
2300,1382,917
922,1694,-771
5000,1804,3195
3599,1286,2313
736,2219,-1483
769,910,-140
892,999,-107
719,1404,-685
1699,1232,467
2400,1267,1132
485,1335,-849
566,2192,-1625
779,1217,-438
1300,1495,-195
703,1319,-616
1200,1702,-502
682,1293,-611
1599,1643,-43
886,1041,-155
1599,1427,172
1800,2065,-265
2999,2469,530
1800,2136,-336
1200,1328,-128
3800,2009,1790
933,1981,-1048
2999,1696,1303
1599,1863,-263
1699,1611,88
1699,1972,-272
2999,1915,1084
4300,1912,2387
1099,1538,-438
1699,1832,-132
999,1664,-664
1200,1257,-57
1500,1512,-12
3499,2367,1132
4200,2467,1732
2100,2035,64
2799,2450,349
928,1479,-551
2199,1627,572
895,1891,-996
3300,1822,1477
1500,1836,-336
4500,1854,2645
772,1268,-496
4099,1723,2376
1200,1346,-146
888,1126,-238
2300,1649,650
2799,2167,632
1500,1568,-68
1900,1514,385
1599,2003,-403
936,1427,-490
3899,2058,1841
1200,1470,-270
979,1943,-963
1300,1799,-499
4699,1820,2879
1599,1692,-92
860,1721,-860
3300,2470,829
999,957,42
1200,1706,-506
940,1500,-559
1200,2546,-1346
2199,1999,200
1399,1087,312
916,1156,-239
1999,1454,545
762,1282,-519
1599,1287,312
815,950,-134
4099,1757,2342
854,1133,-279
723,1070,-346
654,965,-311
849,1406,-557
760,1516,-756
749,1281,-531
773,1087,-314
878,1013,-135
3399,1697,1702
817,1545,-727
1900,1086,813
3300,1960,1339
3899,1264,2635
1399,1634,-234
2199,1205,994
1500,1293,206
1500,1745,-245
1599,1092,507
1099,1227,-127
5400,1131,4268
2799,2912,-112
1200,1815,-615
676,1166,-490
548,933,-385
858,1281,-423
995,1076,-81
1300,1185,114
4300,1167,3132
999,1543,-543
1300,1504,-204
1399,1214,185
933,1203,-270
3300,1274,2025
698,947,-248
2799,1723,1076
864,1249,-384
2499,1676,823
608,1476,-868
792,1247,-455
923,1466,-542
817,1030,-212
1300,1205,94
689,1040,-351
1300,1068,231
1300,1264,35
786,1235,-448
2400,1515,884
1099,1083,16
2999,1407,1592
957,963,-5
1599,1083,516
926,1097,-170
1399,1516,-116
999,906,93
1399,1532,-132
1399,1196,203
3200,1631,1568
862,1264,-401
1699,1322,377
929,1448,-518
1200,1231,-31
920,996,-76
999,1260,-260
1300,1497,-197
829,1080,-250
935,1070,-135
1900,1698,201
1599,1075,524
3399,1966,1433
5000,1548,3451
803,1019,-216
999,1472,-472
815,987,-171
1099,1258,-158
769,1206,-437
3599,1073,2526
1200,1206,-6
2300,1192,1107
777,1036,-258
791,1133,-342
878,902,-23
1699,1629,70
2699,1393,1306
999,1540,-540
672,1086,-414
1599,1336,263
726,921,-194
756,1003,-246
1399,1137,262
1599,1777,-177
974,1374,-400
786,1244,-458
1399,1561,-161
988,1142,-154
773,1459,-686
1399,1581,-181
1099,880,219
677,1096,-419
802,951,-149
4600,972,3627
802,1236,-434
1699,1398,301
898,1426,-528
1200,1910,-710
955,984,-29
1399,1383,16
2300,1245,1054
1099,1252,-152
1699,1741,-41
949,1115,-166
1500,1324,175
1699,1578,121
1200,1880,-680
819,1437,-618
636,1050,-414
2400,1316,1083
1500,1434,65
2499,1553,946
999,1021,-21
1599,1551,48
999,1120,-120
1599,1495,104
693,1024,-331
485,1159,-674
654,1683,-1029
1300,1893,-593
786,1179,-392
5200,1638,3561
3599,1639,1960
1399,933,466
747,1374,-627
1200,1401,-201
1999,2070,-70
781,1429,-648
943,1330,-387
1200,991,208
1500,1147,352
999,1264,-264
5299,1421,3878
981,1272,-290
1300,1768,-468
1300,1328,-28
629,1298,-669
1099,1215,-115
815,1171,-356
863,1061,-197
2400,1516,883
847,1044,-197
488,1056,-568
536,1420,-884
447,1322,-874
922,1288,-365
1699,1915,-215
817,1230,-412
2199,1116,1083
1900,1331,568
537,1282,-745
1099,1180,-80
772,1042,-270
1599,1282,317
797,961,-164
587,1216,-629
979,1561,-581
360,1511,-1150
653,1327,-674
2300,1804,495
566,1058,-491
782,1136,-353
1399,1183,216
1300,1185,114
845,1614,-769
1200,1226,-26
2100,1522,577
5400,1206,4193
1300,1827,-527
740,1028,-287
845,1072,-226
849,955,-106
714,1429,-714
1699,1309,390
770,928,-157
999,1476,-476
2199,1329,870
1200,1214,-14
2300,1220,1079
1099,1224,-124
1500,1136,363
790,1096,-306
928,1402,-474
703,1161,-457
1300,1560,-260
1099,1370,-270
991,1375,-384
1399,1375,24
1800,1136,663
2300,1526,773
1999,1488,511
703,1715,-1012
754,944,-190
4900,1855,3044
1099,1163,-63
1500,1432,67
3099,1448,1651
674,1606,-932
530,1896,-1366
436,1422,-985
788,1845,-1057
775,1380,-605
597,1273,-675
666,1231,-565
833,1590,-757
707,1088,-380
511,1441,-929
416,993,-577
1200,1577,-377
2400,1373,1026
1099,1507,-407
1500,1113,386
1999,1286,713
1699,921,778
1699,1205,494
748,1240,-491
755,1461,-706
1300,1436,-136
840,1264,-424
480,876,-395
3399,1689,1710
627,1544,-917
4500,1489,3010
1300,1824,-524
1200,1660,-460
729,1059,-330
833,1635,-802
742,1197,-455
3399,1448,1951
566,1447,-881
1300,1852,-552
802,1207,-405
755,1172,-417
911,1462,-550
2600,1406,1193
1699,1349,350
1599,1803,-203
900,1130,-229
964,1416,-452
999,1950,-950
1399,720,679
892,1246,-354
2300,1316,983
1399,992,407
600,923,-323
698,1071,-372
1500,1221,278
978,1299,-320
1300,1221,78
1099,1529,-429
759,1143,-384
811,1034,-223
3200,1445,1754
820,1086,-265
999,1028,-28
1399,1250,149
701,950,-249
4099,1129,2970
1399,1175,224
478,1137,-659
2300,1489,810
1800,1174,625
999,1227,-227
707,1500,-793
623,955,-332
812,1224,-412
1200,1352,-152
2999,1386,1613
972,1554,-581
1699,1281,418
1099,1308,-208
1300,1111,188
1800,1215,584
1500,1544,-44
3599,1235,2364
1800,1478,321
1399,1644,-244
999,1503,-503
926,1080,-154
1800,1368,431
589,1223,-633
819,1211,-391
869,1023,-154
877,906,-29
838,1258,-419
4400,1849,2550
2699,1752,947
3499,1352,2147
999,894,105
1300,1347,-47
674,980,-306
3899,1030,2869
1900,1577,322
4600,1370,3229
1099,1606,-506
1200,1394,-194
497,1048,-551
882,1124,-242
959,1115,-156
4400,1197,3202
1399,2013,-613
719,1344,-625
589,1059,-469
1099,1277,-177
999,884,115
853,1079,-226
1999,1692,307
624,1347,-722
862,1151,-288
1200,1499,-299
1200,1392,-192
1399,1512,-112
676,1042,-366
1300,1169,130
1099,1276,-176
1900,1401,498
1200,1052,147
2499,1565,934
981,1333,-351
929,1318,-388
2600,1090,1509
1500,1345,154
2400,1483,916
952,1503,-550
884,1003,-118
495,1089,-594
1200,1010,189
872,1454,-582
979,1289,-309
1300,1217,82
4900,1326,3573
1099,975,124
749,1212,-462
1300,1616,-316
1399,1419,-19
1699,1271,428
538,827,-289
1800,1548,251
1999,1084,915
2300,1650,649
1200,1232,-32
412,1116,-704
999,1594,-594
1800,1518,281
841,1061,-219
636,1274,-637
734,1295,-560
730,1007,-277
966,1166,-199
1999,1512,487
1999,2031,-31
2699,2250,449
1099,1124,-24
967,974,-6
679,1792,-1112
1300,1583,-283
713,1318,-604
1300,1445,-145
1200,1181,18
2199,1511,688
1500,1547,-47
904,1256,-351
2999,1905,1094
1399,1108,291
3099,1929,1170
1099,922,177
844,1229,-385
560,1004,-443
807,1482,-675
1200,1768,-568
649,1248,-599
1500,1482,17
730,1073,-342
728,1322,-594
920,1350,-430
1399,1110,289
791,1164,-373
719,1707,-988
1300,1089,210
1200,1131,68
786,1625,-838
2900,2072,827
2300,1247,1052
1999,1601,398
723,1069,-345
1099,1445,-345
733,1445,-711
1200,1417,-217
3099,1109,1990
4099,1135,2964
1200,1406,-206
3399,1337,2062
1300,1156,143
2600,1214,1385
1900,1475,424
1599,1131,468
916,1096,-179
2600,2105,494
1500,1701,-201
2600,1673,926
1200,1909,-709
1200,1325,-125
2300,1877,422
999,1717,-717
999,1913,-913
2699,1856,843
2600,1874,725
1399,1642,-242
3200,1877,1322
5000,1768,3231
3800,1857,1942
5200,2630,2569
2300,619,1680
1399,1697,-297
1500,1810,-310
1900,1530,369
1500,1250,249
1099,1641,-541
1399,1619,-219
1099,1743,-643
942,2010,-1068
2499,2086,413
4699,1483,3216
3899,2070,1829
4099,1778,2321
3599,2088,1511
707,1596,-889
1099,1568,-468
1300,1284,15
336,1251,-914
807,1664,-856
1200,863,336
1999,1824,175
1200,1471,-271
1599,1557,42
696,1332,-636
1099,1993,-893
999,1403,-403
3499,1414,2085
4500,1612,2887
2499,1629,870
1599,1870,-270
2799,2021,778
754,1580,-826
1200,1887,-687
1300,1334,-34
3800,1965,1834
792,601,191
792,1438,-646
1200,2071,-871
3399,1464,1935
807,1101,-293
1099,1052,47
1399,1397,2
922,1624,-702
963,1231,-268
3899,1620,2279
940,1689,-748
2799,1917,882
1699,1351,348
798,1281,-483
2999,1488,1511
942,1185,-243
2400,1767,632
1200,1168,31
1599,1510,89
2300,1199,1100
621,1802,-1181
902,1190,-288
1500,1147,352
991,1061,-70
1099,1393,-293
394,1337,-943
4500,2298,2201
999,1212,-212
999,1304,-304
2199,1265,934
2699,1690,1009
1099,1447,-347
4099,1342,2757
3699,1572,2127
1599,1447,152
659,1347,-687
893,1004,-110
838,912,-73
2499,1059,1440
2400,1449,950
969,1342,-373
478,1000,-522
762,1487,-725
935,1066,-131
1399,1331,68
532,947,-415
967,1273,-305
699,1500,-800
1099,1435,-335
3599,1637,1962
1099,1052,47
1399,1413,-13
929,1325,-395
649,1266,-617
834,1261,-426
4099,1256,2843
2199,1873,326
685,1528,-842
1900,2239,-339
4699,1508,3191
1200,1111,88
1800,1496,303
4900,2258,2641
5299,1894,3405
532,1069,-537
1300,1403,-103
999,1090,-90
1399,1095,304
749,946,-196
971,1157,-186
1300,1030,269
3999,1206,2793
1200,1616,-416
1699,1333,366
1500,1355,144
578,1274,-696
982,1139,-156
716,1093,-376
4699,1238,3461
1200,1831,-631
495,1248,-753
999,1297,-297
1900,1300,599
1699,1240,459
1599,1249,350
1200,1369,-169
2400,1161,1238
943,1306,-362
831,1132,-301
1399,1431,-31
1900,930,969
774,1145,-371
5299,1055,4244
685,1240,-554
1699,1029,670
3399,1741,1658
1699,1607,92
523,1346,-823
1500,979,520
1300,1321,-21
1300,1374,-74
889,1826,-937
807,1253,-446
1099,1216,-116
1500,1313,186
2499,2504,-4
503,927,-424
974,1273,-299
841,1107,-266
1200,996,203
1200,1412,-212
1200,989,210
1200,995,204
979,923,56
999,1200,-200
1500,1414,85
892,1290,-398
2100,1708,391
1399,1122,277
996,1264,-267
1300,1278,21
754,1089,-335
2199,1356,843
749,966,-216
1599,1281,318
851,978,-127
4400,1170,3229
2799,1463,1336
2300,1322,977
999,1504,-504
823,1022,-199
4600,1053,3546
1099,1085,14
2199,1838,361
1599,1206,393
1800,1753,46
1200,1360,-160
2499,1126,1373
1999,1596,403
2900,1420,1479
788,1106,-318
2999,1897,1102
2400,1512,887
999,964,35
1099,1718,-618
1099,988,111
653,964,-311
923,1294,-370
1200,1234,-34
1599,1056,543
863,1193,-329
3099,2072,1027
1200,1635,-435
1099,1233,-133
3200,1279,1920
999,1264,-264
2199,1352,847
1099,1484,-384
615,1590,-974
1999,1267,732
922,1163,-240
988,1278,-290
836,1177,-341
1500,1011,488
1699,1425,274
978,1191,-213
1900,1863,36
723,1447,-724
1399,1635,-235
1300,880,419
1200,870,329
1099,1162,-62
2600,964,1635
868,1438,-570
843,1104,-261
725,1193,-468
1099,860,239
1099,1365,-265
597,1336,-738
1300,1662,-362
1699,1562,137
686,1230,-543
600,1605,-1005
862,1261,-398
1200,1740,-540
1599,1133,466
1900,1664,235
1200,1407,-207
121,1021,-900
748,1762,-1013
2100,1509,590
1500,1564,-64
5400,1712,3687
3899,1335,2564
1399,1402,-2
1699,1448,251
1999,1173,826
1999,1180,819
1399,1509,-109
701,1454,-753
474,1412,-938
2499,1764,735
696,1148,-452
807,1195,-387
2900,1574,1325
868,1372,-504
637,1281,-643
777,1253,-475
621,983,-361
481,988,-506
1900,1143,756
3200,1692,1507
1699,1505,194
2199,944,1255
1200,1751,-551
1099,1306,-206
999,1163,-163
866,1029,-162
380,1218,-838
853,1135,-282
845,1413,-567
3800,1558,2241
1099,1042,57
3499,1724,1775
1399,1552,-152
1099,1532,-432
714,1531,-816
3800,1151,2648
1500,1247,252
2900,1986,913
1900,1703,196
3099,1783,1316
2600,1308,1291
999,1453,-453
1200,1278,-78
1399,1168,231
892,958,-66
730,996,-265
1599,1821,-221
3300,1640,1659
1500,1162,337
1999,1391,608
1099,1654,-554
1200,1569,-369
999,1165,-165
788,1263,-474
1099,980,119
2999,1632,1367
1399,2143,-743
1800,1498,301
1599,1338,261
3300,1301,1998
1599,1077,522
2699,1262,1437
807,1614,-807
642,1407,-765
1500,1594,-94
981,1130,-148
1099,1804,-704
995,1379,-384
993,958,34
854,901,-47
1099,1034,65
871,1057,-186
728,1113,-385
1200,1491,-291
3999,1635,2364
972,1331,-358
1399,1282,117
935,1354,-419
788,1132,-344
1599,1651,-51
2499,1842,657
2400,1640,759
2400,2163,236
999,1294,-294
1099,1120,-20
1999,1537,462
1200,1035,164
955,1426,-471
1300,1220,79
2400,1263,1136
1099,1283,-183
926,1457,-530
889,913,-24
928,1414,-486
1599,1409,190
975,969,5
1500,1008,491
3399,1302,2097
999,1167,-167
1900,1761,138
1399,1288,111
1099,1616,-516
1800,1890,-90
854,1198,-344
4500,1159,3340
1099,1153,-53
834,1157,-322
2199,1115,1084
282,1581,-1299
906,1355,-449
1800,933,866
2400,1374,1025
663,1219,-556
1599,1458,141
3499,2013,1486
1999,1934,65
871,1172,-301
922,1154,-232
2799,1852,947
733,1452,-718
511,1017,-505
1800,1590,209
1200,1069,130
687,1389,-701
1599,1343,256
999,899,100
837,1466,-629
1300,1429,-129
820,1528,-707
2400,1822,577
1399,1226,173
2699,1596,1103
1399,1428,-28
716,1445,-728
1999,1416,583
2400,1254,1145
717,1320,-602
1999,1662,337
2199,1197,1002
765,1501,-736
926,932,-5
999,825,174
2199,1589,610
1800,1224,575
955,1349,-393
5000,1124,3875
999,921,78
1300,1427,-127
2199,1728,471
749,1213,-463
798,1150,-352
1399,1696,-296
1300,1288,11
1099,1468,-368
999,898,101
850,1402,-552
1200,970,229
910,1237,-326
999,1396,-396
965,1037,-71
876,1359,-483
1099,1146,-46
786,1094,-308
2900,1149,1750
2100,1354,745
1800,1139,660
1999,1589,410
3499,1694,1805
1200,1477,-277
807,1745,-937
999,972,27
999,1063,-63
557,1274,-717
999,1305,-305
1200,1217,-17
827,928,-100
865,1203,-337
942,1203,-261
951,1911,-959
2400,1562,837
853,1038,-185
3200,1585,1614
1599,1608,-8
1500,1231,268
3399,1215,2184
1300,1340,-40
1300,1956,-656
689,1590,-900
3999,1473,2526
893,1411,-517
3300,1306,1993
3699,1105,2594
1200,1179,20
819,1690,-870
2100,1425,674
858,1257,-399
1200,1210,-10
2100,1055,1044
1099,1034,65
962,1302,-340
2799,1714,1085
1399,1471,-71
1399,1368,31
1500,1119,380
4400,1358,3041
1200,2151,-951
3499,2035,1464
4099,1885,2214
4600,1738,2861
1800,1666,133
3599,1827,1772
1099,1454,-354
999,1515,-515
939,1663,-724
1300,2012,-712
1599,1900,-300
3399,1412,1987
43,587,-544
1300,1835,-535
4200,1812,2387
829,772,57
1699,1467,232
54,620,-566
1200,1753,-553
1099,1345,-245
1599,2206,-606
3999,1289,2710
161,1534,-1372
1800,2055,-255
1099,1473,-373
1800,1720,79
1599,2101,-501
999,1550,-550
1500,1464,35
1599,1835,-235
1900,1893,6
1599,1901,-301
945,1899,-953
2199,1779,420
4699,1546,3153
5499,2551,2948
1599,1424,175
1200,1644,-444
1200,1416,-216
3300,2725,574
3200,1559,1640
740,1388,-647
903,1198,-294
1900,1468,431
1699,1889,-189
90,1237,-1146
1399,1890,-490
1399,1630,-230
1399,1589,-189
2900,1667,1232
1999,1951,48
959,1876,-917
1300,1770,-470
1200,1205,-5
2400,1642,757
2499,1345,1154
3499,2610,889
1200,2114,-914
861,881,-19
1300,1069,230
2699,1333,1366
405,1008,-602
669,1483,-813
995,1236,-240
743,1272,-528
999,1290,-290
1099,1314,-214
1200,2015,-815
799,1217,-418
5200,1142,4057
1200,1492,-292
868,964,-96
1099,1780,-680
2799,1362,1437
1500,1439,60
755,1256,-501
522,1078,-556
1699,2026,-326
4699,1241,3458
1300,1146,153
2600,972,1627
1699,1969,-269
171,1512,-1341
801,996,-195
2199,1094,1105
1300,912,387
1200,1566,-366
591,1214,-623
1200,1727,-527
999,1010,-10
2499,1411,1088
999,1674,-674
795,960,-165
1099,1382,-282
427,1093,-666
1999,1186,813
2400,1464,935
1099,1319,-219
935,1152,-216
900,1365,-465
913,1160,-246
559,899,-340
1699,1420,279
869,843,25
658,1293,-635
999,1288,-288
981,920,60
1200,1012,187
3899,1317,2582
1099,1195,-95
4900,1977,2922
691,1153,-462
1800,1248,551
859,1173,-313
492,1365,-872
993,1317,-324
2400,1657,742
3399,1598,1801
1300,1254,45
2300,1602,697
1500,1474,25
1300,1253,46
1500,851,648
824,1160,-335
4600,1098,3501
747,1001,-254
999,987,12
743,1560,-817
1300,1822,-522
1699,1573,126
965,1309,-344
492,1393,-900
985,1321,-335
1300,1395,-95
999,1469,-469
3399,2132,1267
770,1391,-620
2300,1058,1241
1800,1611,188
799,1019,-220
1099,1015,84
2499,1288,1211
851,1434,-583
3499,1392,2107
1999,1061,938
459,1078,-619
993,1360,-367
1099,1223,-123
3999,1430,2569
1599,1414,185
865,1355,-489
851,1137,-286
1699,1911,-211
1900,1325,574
1800,1766,33
5499,1570,3929
962,1595,-633
2499,1900,599
2799,1975,824
896,1159,-262
798,1240,-442
815,1195,-380
858,1338,-479
890,1091,-201
1399,1270,129
1200,2027,-827
2999,1854,1145
666,1201,-534
1699,1642,57
878,1019,-141
625,1068,-442
1200,1304,-104
1500,1939,-439
2799,1432,1367
923,1267,-343
1099,2004,-904
2100,1867,232
1099,1579,-479
1599,1269,330
4200,1501,2698
5499,1606,3893
1099,1076,23
1300,1241,58
1500,1542,-42
1500,2127,-627
2199,1051,1148
965,1269,-303
760,1388,-628
1500,1080,419
2100,1428,671
1800,1207,592
1099,1481,-381
1599,1970,-370
3800,1697,2102
733,1805,-1071
954,1334,-380
4699,1591,3108
1399,1491,-91
3499,1234,2265
999,1246,-246
2400,1528,871
1300,1274,25
860,1067,-206
999,924,75
625,1171,-545
4600,1227,3372
4500,1065,3434
802,1239,-437
650,1191,-540
1599,967,632
915,1733,-817
2499,1352,1147
1599,1405,194
2999,1079,1920
979,933,46
2400,1325,1074
1300,1314,-14
764,1412,-648
1200,1541,-341
1699,1423,276
1300,1534,-234
1399,1505,-105
1800,1655,144
2799,1517,1282
761,1492,-731
1999,1048,951
1099,1018,81
716,1201,-485
813,989,-175
1500,1371,128
635,1435,-800
671,1216,-545
1999,1100,899
1900,1698,201
1399,1115,284
1300,1797,-497
730,1185,-454
747,1018,-271
3699,1117,2582
489,1212,-723
1399,2162,-762
765,1503,-738
2199,1276,923
1200,1720,-520
736,1326,-589
1500,1270,229
2699,1171,1528
1599,1949,-349
874,930,-55
999,1099,-99
847,1298,-451
1200,1278,-78
499,1090,-590
1399,894,505
1099,1133,-33
834,1229,-394
2100,1352,747
5200,1474,3725
3899,1333,2566
1300,1234,65
999,1729,-729
1099,1519,-419
1099,1016,83
1300,1708,-408
1200,1482,-282
862,1282,-419
1099,1502,-402
985,863,121
936,1218,-281
884,1291,-406
3499,1429,2070
999,923,76
1800,1412,387
2100,1048,1051
976,1086,-109
2199,1101,1098
1399,1578,-178
772,1361,-589
3099,2010,1089
937,1178,-240
691,1124,-433
1200,1191,8
444,1032,-588
1200,1491,-291
1800,1520,279
1099,964,135
1399,1376,23
878,1175,-296
748,1167,-418
1300,1600,-300
1200,1271,-71
4300,946,3353
1200,1761,-561
1500,1187,312
1200,1056,143
3599,1365,2234
691,1131,-439
395,947,-552
1399,1392,7
3800,1294,2505
826,1090,-263
1500,1223,276
1599,1220,379
667,1177,-509
961,1585,-624
987,1022,-35
965,1228,-263
1900,1503,396
1200,1249,-49
1099,1196,-96
795,1113,-318
5200,1641,3558
1200,861,338
3899,1333,2566
1999,1331,668
1300,1835,-535
2600,1539,1060
1200,1236,-36
3099,1348,1751
999,1404,-404
903,1823,-920
1399,1225,174
769,1351,-582
1300,1389,-89
1200,1512,-312
589,1181,-591
970,1487,-517
999,1824,-824
645,1331,-686
2100,1129,970
845,1248,-403
5400,1771,3628
2199,1154,1045
754,989,-235
1500,1491,8
742,1117,-375
1500,1302,197
3399,1472,1927
815,1574,-758
2799,1700,1099
861,1274,-412
521,1179,-658
1399,944,455
2100,1503,596
731,1103,-371
1099,1630,-530
1200,1403,-203
4099,1155,2944
4400,1550,2849
1599,1501,98
580,945,-364
1800,2132,-332
738,969,-230
1300,1080,219
617,1342,-724
786,970,-184
5299,1780,3519
4099,1678,2421
1300,1174,125
2300,1493,806
786,1076,-289
1500,1622,-122
496,1415,-919
1099,998,101
743,1075,-332
4900,1952,2947
1200,1385,-185
701,1379,-677
394,1286,-892
725,897,-171
734,1051,-316
3099,1700,1399
713,1093,-380
1200,1138,61
1500,1468,31
2199,1399,800
1399,1698,-298
2400,1272,1127
1300,809,490
1999,1402,597
3200,1561,1638
716,1274,-558
1399,1117,282
489,1641,-1151
1399,1816,-416
761,1550,-789
999,1198,-198
874,1155,-280
794,1727,-933
3399,1023,2376
833,1386,-553
694,1790,-1096
943,1484,-541
876,1142,-266
1999,950,1049
608,1480,-872
878,1117,-238
889,1166,-277
752,2137,-1385
5499,1710,3789
844,1513,-669
1399,1088,311
3699,1404,2295
826,1019,-192
1500,1141,358
3800,1089,2710
656,1158,-501
1399,1953,-553
3200,1215,1984
1500,1218,281
951,1044,-93
1999,1553,446
2999,1857,1142
781,1306,-525
786,1431,-645
1699,1615,84
374,1095,-720
815,1288,-472
1099,1159,-59
817,1362,-545
1599,1216,383
2199,1385,814
923,1199,-275
2100,1455,644
1200,1574,-374
4200,1235,2964
874,1181,-306
1599,1357,242
759,1213,-454
902,1107,-205
1200,1144,55
903,1091,-187
5400,1300,4099
1900,1295,604
999,1120,-120
999,1426,-426
3200,1350,1849
812,1421,-609
2400,1154,1245
1699,1035,664
637,1093,-455
1800,1093,706
2900,1375,1524
993,1005,-12
1099,1499,-399
450,869,-419
738,1048,-310
1699,1130,569
1099,1067,32
782,1048,-266
385,1092,-707
1099,1239,-139
2799,1077,1722
991,958,33
492,1116,-623
1500,2329,-829
2300,1918,381
2600,1940,659
1800,2618,-818
2699,2509,190
1399,2071,-671
999,1396,-396
809,1452,-642
1900,2363,-463
1500,1652,-152
772,1337,-565
3499,2118,1381
895,1838,-943
1399,1373,26
4699,2026,2673
1800,1518,281
1999,2108,-108
3300,2182,1117
1099,1469,-369
1200,1553,-353
3999,1625,2374
3099,1500,1599
3899,2595,1304
2600,2799,-199
1300,1696,-396
863,1537,-673
2999,1748,1251
1999,1877,122
1099,1313,-213
2999,2095,904
2799,2059,740
1800,2281,-481
1200,1401,-201
1200,1434,-234
1599,1855,-255
2199,1959,240
969,1322,-353
1200,2243,-1043
1099,1832,-732
4500,2195,2304
1599,1174,425
3099,1782,1317
1099,2106,-1006
2199,1526,673
1999,2136,-136
1500,1608,-108
1300,1574,-274
1300,2629,-1329
1399,1896,-496
1699,1399,300
983,1320,-336
3399,1824,1575
3099,2249,850
1099,518,581
1399,1752,-352
2400,1936,463
254,1560,-1305
1200,1453,-253
1300,1564,-264
1599,976,623
2199,2002,197
518,1041,-522
1099,1530,-430
679,1179,-500
1399,1154,245
1599,1107,492
4600,1565,3034
857,1055,-198
1099,1502,-402
769,1224,-455
2300,1714,585
924,1109,-184
808,1304,-495
1300,1831,-531
1099,870,229
2100,1648,451
406,1237,-830
1699,1351,348
5299,1507,3792
774,979,-205
1200,1212,-12
999,1347,-347
918,1139,-220
1099,1565,-465
831,1333,-502
703,997,-294
1800,1436,363
1500,1910,-410
506,832,-326
931,1425,-493
826,1452,-625
981,1038,-57
881,2214,-1333
1399,1666,-266
1200,1186,13
829,1376,-547
1800,1459,340
2900,1607,1292
962,965,-3
2999,1384,1615
447,1035,-588
1300,1172,127
2600,1745,854
1699,1936,-236
540,1081,-540
3399,1766,1633
2400,2130,269
485,1102,-616
882,1191,-308
902,1420,-518
2300,1664,635
3200,1364,1835
1699,1574,125
2900,1457,1442
435,874,-438
908,895,12
1099,1067,32
776,1341,-565
5100,1200,3899
1300,934,365
2999,1056,1943
1800,1240,559
1999,1866,133
3999,1644,2355
691,1207,-516
640,1158,-517
2400,1586,813
1099,1119,-19
5000,1922,3077
2400,1486,913
2900,1655,1244
1300,1602,-302
2499,1386,1113
2300,1714,585
775,1258,-483
1599,1369,230
1800,1120,679
1200,1576,-376
1900,1619,280
5000,1711,3288
2699,1985,714
888,849,38
526,1024,-498
537,1124,-587
697,1671,-974
1399,1349,50
1800,1728,71
1300,1538,-238
1200,1478,-278
1300,1565,-265
563,1097,-534
1099,1218,-118
4900,1700,3199
677,1017,-340
1099,1723,-623
677,940,-262
1099,1307,-207
1500,1123,376
808,964,-155
571,1211,-640
4099,2583,1516
2799,2401,398
1200,1609,-409
1699,1210,489
477,1212,-735
669,1149,-480
4099,1070,3029
2999,1314,1685
1399,1827,-427
1099,1118,-18
1599,1358,241
1999,1731,268
766,1123,-356
878,1345,-466
861,1371,-509
1399,1072,327
3300,1487,1812
1699,994,705
1200,1228,-28
908,1390,-482
4600,1541,3058
1699,1225,474
1300,1396,-96
1399,986,413
1200,1348,-148
1800,1733,66
841,1370,-528
2900,1616,1283
444,1293,-849
1500,949,550
1999,1249,750
5499,1467,4032
1300,1407,-107
750,1096,-345
995,2268,-1272
1099,1423,-323
2499,1549,950
3200,1576,1623
3899,1580,2319
569,1090,-521
3399,1526,1873
1200,1262,-62
1200,1249,-49
2100,1169,930
1699,1780,-80
1999,1470,529
999,1012,-12
921,1308,-387
748,1202,-454
975,1814,-839
863,1243,-379
1200,1384,-184
1200,1233,-33
1200,1859,-659
1200,1053,146
1300,1289,10
999,1523,-523
1599,1374,225
1900,2149,-249
3200,1790,1409
779,1454,-675
1099,1369,-269
1200,1422,-222
1500,1769,-269
1300,1620,-320
703,1453,-750
2199,1309,890
914,1121,-206
1800,1123,676
909,874,34
902,1264,-362
1399,1419,-19
1200,1239,-39
878,1655,-776
177,1420,-1242
4099,1336,2763
720,1085,-365
2199,1204,995
3699,1148,2551
1399,1313,86
689,1415,-726
3800,1916,1883
999,946,53
2300,1417,882
853,1337,-484
990,1934,-944
2699,1675,1024
928,1326,-397
991,1266,-275
1200,1942,-742
4500,1499,3000
999,1576,-576
1399,1312,87
5100,2193,2906
728,1204,-476
2999,1409,1590
549,1462,-912
940,1599,-659
1099,1239,-139
1399,1206,193
805,1145,-339
999,1234,-234
883,1639,-755
999,1219,-219
536,1154,-618
910,1429,-518
1099,1376,-276
2300,1202,1097
873,949,-75
1099,1539,-439
783,1162,-378
913,979,-65
3399,1508,1891
1300,1187,112
1999,1082,917
2199,1666,533
857,927,-70
1900,1601,298
813,1163,-349
960,1168,-208
1200,1690,-490
1300,1234,65
720,1089,-369
2300,1544,755
1200,1513,-313
1099,1159,-59
1200,1356,-156
748,1327,-579
1099,1262,-162
1800,1333,466
1599,1132,467
999,1262,-262
1099,1091,8
717,1133,-415
1699,1227,472
990,1101,-111
1099,1206,-106
1999,1762,237
4400,1067,3332
5299,1469,3830
2400,1857,542
755,1050,-295
947,1261,-314
2799,1387,1412
870,1338,-468
1900,918,981
2199,1625,574
1099,1427,-327
906,1856,-950
3399,1559,1840
2699,1456,1243
918,1430,-511
627,1127,-499
1699,1331,368
637,1282,-644
1099,1243,-143
1099,875,224
4600,2218,2381
1099,1194,-94
1200,1438,-238
965,2035,-1069
3300,1053,2246
600,1135,-535
861,1240,-378
788,1113,-325
449,1048,-599
999,1320,-320
3499,1862,1637
2600,2021,578
895,1328,-432
1699,1492,207
928,1371,-442
142,990,-847
1099,906,193
1099,1042,57
808,1827,-1018
1200,1205,-5
703,1644,-940
807,1382,-575
999,1511,-511
701,1009,-308
920,1138,-218
1699,1742,-42
1300,1245,54
2900,1239,1660
1099,1458,-358
1200,1459,-259
4400,1814,2585
934,1503,-569
1599,1300,299
468,1092,-624
999,868,131
1200,1687,-487
730,1003,-272
889,1180,-291
1099,1527,-427
1500,1686,-186
1200,1425,-225
1800,1278,521
2799,1303,1496
1200,1147,52
872,1897,-1024
2100,1384,715
951,1203,-252
940,1004,-64
1200,1473,-273
1699,1478,221
1500,1267,232
2499,1597,902
1599,1159,440
2400,1622,777
999,1089,-89
1399,1110,289
1099,1481,-381
624,1164,-540
1599,1440,159
878,1067,-188
2100,1203,896
1200,1421,-221
605,1007,-402
845,953,-108
725,1338,-613
845,1130,-284
790,1064,-274
1999,923,1076
851,1276,-424
1099,1643,-543
1399,1525,-125
2999,1488,1511
870,1497,-627
1800,1356,443
2600,1390,1209
5400,1209,4190
2300,2012,287
817,1248,-431
752,1414,-661
5400,1938,3461
878,1143,-265
1399,1027,372
654,1428,-774
3499,1620,1879
882,1131,-249
488,1068,-580
531,1413,-882
873,1593,-719
2300,1436,863
862,1442,-579
824,1180,-356
3699,1700,1999
900,1434,-533
732,1491,-758
4600,1343,3256
1300,1450,-150
2400,1578,821
1099,1462,-362
3899,1440,2459
1099,1314,-214
1800,1317,482
2400,1078,1321
866,1466,-599
5100,1128,3971
1200,1069,130
3099,1313,1786
783,1296,-512
768,1487,-719
2499,1437,1062
1200,917,282
999,1001,-1
2600,1435,1164
585,1079,-493
1800,1690,109
1200,1130,69
1999,2004,-4
881,1072,-191
972,1128,-156
3099,1446,1653
1099,1237,-137
1200,1501,-301
576,1139,-563
749,2352,-1602
4300,1446,2853
3099,1183,1916
936,1067,-130
1099,1347,-247
999,919,80
1500,1075,424
1200,1251,-51
1699,2113,-413
1699,1807,-107
999,614,385
1900,1492,407
1800,2346,-546
1300,2335,-1035
999,1625,-625
983,1800,-816
2499,2051,448
1399,1647,-247
1399,2027,-627
1900,2503,-603
1900,1050,849
1200,1816,-616
1300,1735,-435
1999,2181,-181
847,1731,-884
3699,2104,1595
1900,2630,-730
1800,1788,11
1599,1908,-308
2100,1743,356
1099,1866,-766
1500,2033,-533
1300,1390,-90
1399,1987,-587
1699,1230,469
1999,1666,333
3099,1949,1150
775,1612,-837
2900,1972,927
999,1880,-880
1599,1835,-235
1800,2033,-233
1099,1185,-85
1300,2001,-701
1599,1850,-250
991,1880,-888
2199,2017,182
3200,1834,1365
1099,1398,-298
1500,1958,-458
999,1414,-414
2100,1872,227
1200,1539,-339
873,1533,-659
1300,557,742
2699,2200,499
3800,1587,2212
4600,1675,2924
1099,1776,-676
3800,1703,2096
1300,1703,-403
827,1337,-509
1599,1799,-199
5299,1845,3454
877,1871,-994
864,2467,-1602
4800,2027,2772
1099,1662,-562
1900,2135,-235
1099,1908,-808
1500,1324,175
976,1766,-789
999,1665,-665
2100,2344,-244
881,1343,-462
1900,1714,185
3499,1166,2333
878,1228,-349
1500,1388,111
943,1107,-163
790,1228,-438
1200,1217,-17
770,1421,-650
3899,2496,1403
1599,1722,-122
996,1550,-553
685,1734,-1048
935,1392,-457
3099,2057,1042
2699,1255,1444
878,1102,-224
1099,1300,-200
521,1254,-733
843,1389,-546
1300,1590,-290
3200,1146,2053
713,994,-281
1399,1605,-205
410,1065,-654
999,1462,-462
2100,1667,432
782,1141,-358
2600,1436,1163
1099,1070,29
2699,1009,1690
1399,1415,-15
999,1195,-195
748,1069,-320
1399,1139,260
920,1606,-686
888,1010,-122
982,1124,-141
1599,1410,189
1800,1504,295
2400,1574,825
2100,1474,625
3999,1261,2738
2699,1311,1388
909,1136,-227
840,1054,-214
3800,1255,2544
1200,1311,-111
3699,1245,2454
1999,1155,844
1999,1140,859
1300,1497,-197
1500,1103,396
1800,1550,249
909,1021,-112
739,1476,-736
827,1289,-461
999,1142,-142
945,950,-5
999,1286,-286
1200,1151,48
1399,1340,59
999,1492,-492
999,1291,-291
2699,1305,1394
1599,1216,383
926,1073,-147
3300,1259,2040
2499,1636,863
928,1278,-349
701,847,-145
3099,1897,1202
972,1332,-359
4699,1564,3135
624,1097,-472
1399,1380,19
636,1282,-645
1500,1588,-88
2999,1713,1286
903,1219,-316
1099,1803,-703
1699,1725,-25
4200,1403,2796
587,2047,-1459
1200,1643,-443
1500,1438,61
1500,706,793
1900,1209,690
4400,1221,3178
1900,1792,107
940,1208,-268
2400,1159,1240
915,1275,-359
669,1590,-921
600,1309,-709
663,1223,-559
1999,1541,458
2100,1232,867
285,1345,-1059
803,1488,-685
3800,1793,2006
1399,1155,244
827,1433,-605
747,1290,-543
1099,1315,-215
855,947,-91
1500,1296,203
1099,1070,29
947,1478,-530
1099,1625,-525
1200,1063,136
792,1119,-326
3099,1068,2031
1300,1341,-41
4800,1594,3205
1999,1086,913
999,964,35
934,1612,-678
1999,1572,427
990,1084,-94
1200,1120,79
1699,1196,503
1399,1363,36
995,1185,-190
872,1813,-940
1300,1362,-62
1200,1409,-209
379,1042,-663
890,989,-98
1500,1225,274
3200,1296,1903
1399,1134,265
981,1256,-274
890,1091,-200
1800,1294,505
1999,1521,478
1500,1859,-359
983,1068,-84
1599,1525,74
999,1294,-294
978,1243,-265
2699,1526,1173
1099,1195,-95
1099,1468,-368
1900,1687,212
861,1142,-280
2400,1572,827
1399,1486,-86
2699,1766,933
719,958,-239
739,1382,-642
967,1148,-180
786,1790,-1003
3800,1615,2184
4800,1784,3015
786,1142,-356
1399,1380,19
1099,1311,-211
1599,982,617
2100,1361,738
3499,1429,2070
1699,1439,260
1099,1101,-1
805,1168,-363
2300,1127,1172
1399,1425,-25
1300,942,357
1099,1010,89
1599,1571,28
2900,900,1999
995,1288,-292
994,955,38
2600,1595,1004
1300,1720,-420
1900,1117,782
663,1836,-1173
1099,1144,-44
672,878,-206
966,992,-25
1999,1640,359
4400,1416,2983
1399,1100,299
1500,1154,345
522,1359,-837
903,1082,-178
78,1097,-1019
811,1028,-217
1800,1481,318
999,1129,-129
1300,1256,43
1399,1405,-5
3099,1897,1202
2799,1563,1236
1399,1228,171
817,1519,-701
1200,1837,-637
3099,1389,1710
1999,1719,280
1599,1502,97
679,1370,-690
2100,1419,680
931,1174,-242
1399,1151,248
2799,1992,807
2100,1185,914
4200,1250,2949
1900,1420,479
494,1432,-938
1200,1196,3
1300,1705,-405
1500,1796,-296
1300,1130,169
694,1792,-1098
3699,1270,2429
1200,1087,112
1500,1286,213
3800,1654,2145
4200,1771,2428
999,1051,-51
2900,1484,1415
903,1049,-145
1200,1261,-61
1599,1698,-98
1099,1128,-28
1399,1196,203
2999,1304,1695
1099,1237,-137
1800,1751,48
1500,1540,-40
2100,2328,-228
593,1097,-504
1300,1076,223
1200,1218,-18
1800,1067,732
1500,978,521
1500,1268,231
791,1035,-244
920,1589,-669
1900,1432,467
937,1274,-336
1099,1178,-78
2100,1152,947
1399,1388,11
1099,1179,-79
1099,1101,-1
1900,1631,268
2100,1301,798
2999,1044,1955
1099,1063,36
826,978,-151
2699,1674,1025
755,945,-190
1399,1454,-54
2600,1221,1378
1200,968,231
1099,1593,-493
879,1196,-316
843,1735,-892
1599,1261,338
1599,1387,212
2100,905,1194
990,1065,-75
3499,1546,1953
1500,1699,-199
1900,1628,271
734,1051,-316
1599,1070,529
1500,1415,84
1699,1340,359
1999,1181,818
895,966,-70
4699,1563,3136
1500,1901,-401
1399,1136,263
2199,1129,1070
2199,1210,989
1800,1096,703
1399,1355,44
1599,1520,79
2100,1582,517
2199,1193,1006
2400,1345,1054
994,1670,-676
2199,2105,94
3899,2230,1669
1699,1765,-65
1099,1699,-599
2699,1188,1511
4900,1394,3505
1399,1322,77
1200,1917,-717
1200,1590,-390
1800,1501,298
3300,2246,1053
1099,1355,-255
2699,2282,417
3599,1416,2183
3899,2079,1820
2499,2026,473
1399,1701,-301
879,1416,-536
755,1647,-892
999,1682,-682
999,1351,-351
2600,1781,818
1300,1505,-205
1800,1903,-103
4400,1584,2815
1099,1186,-86
1300,1667,-367
1200,1695,-495
1300,2169,-869
969,1898,-929
2900,1707,1192
1200,1529,-329
2499,1553,946
1300,1610,-310
1800,1787,12
1500,1807,-307
2100,2007,92
2699,1450,1249
638,1612,-973
886,1317,-431
1800,1220,579
2699,1509,1190
898,933,-35
53,1096,-1043
2100,1662,437
841,1990,-1148
776,1488,-711
1099,1512,-412
999,1250,-250
2900,1296,1603
1599,1777,-177
745,959,-214
1200,1524,-324
924,1364,-439
499,1197,-698
647,1342,-695
1500,1476,23
1300,1568,-268
999,1303,-303
893,1253,-359
1099,1241,-141
3800,1411,2388
3999,1418,2581
2400,2166,233
978,1215,-236
1200,1550,-350
399,938,-539
776,855,-79
660,1712,-1051
3200,1332,1867
837,1363,-526
1300,1368,-68
1500,2014,-514
555,1379,-824
645,1374,-729
884,1295,-410
1399,1719,-319
666,1193,-526
838,1089,-250
918,974,-55
4600,1315,3284
877,1150,-273
779,1193,-414
669,1056,-386
888,1326,-438
829,1158,-329
841,1158,-316
797,1563,-766
1399,1593,-193
1699,1324,375
999,1480,-480
1099,1221,-121
1099,1761,-661
889,1202,-313
2300,1369,930
2100,1404,695
890,1104,-214
682,1259,-577
693,1042,-349
623,1073,-450
1200,1402,-202
1399,1267,132
1500,1061,438
4800,960,3839
613,1216,-603
772,1361,-589
960,1044,-84
642,1402,-760
762,1037,-274
2799,1764,1035
851,997,-146
1399,1194,205
999,1227,-227
713,1265,-551
4699,1527,3172
994,2036,-1042
1300,1269,30
719,1094,-375
640,979,-338
1099,1776,-676
975,1372,-397
909,1318,-408
1399,1824,-424
1399,1083,316
2100,1911,188
902,1627,-725
819,1471,-652
1099,1908,-808
999,1057,-58
1500,1291,208
422,1159,-737
1399,1409,-9
683,1367,-684
784,1193,-408
999,1054,-54
1099,1048,51
677,870,-193
377,1436,-1059
1399,1484,-84
3099,1896,1203
1200,1627,-427
999,1106,-106
1399,1738,-338
1999,1375,624
760,1278,-518
999,1622,-622
886,1316,-429
893,2028,-1134
1099,1266,-166
1800,1156,643
850,1293,-443
3399,1841,1558
619,1133,-514
766,1039,-272
716,1451,-734
580,1418,-837
942,1427,-485
636,1233,-597
2300,1457,842
540,1171,-630
1200,1392,-192
876,1296,-420
2999,1047,1952
1500,1448,51
2499,1597,902
1099,1371,-271
1099,1000,99
1099,1516,-416
2999,1190,1809
951,1135,-183
1300,1587,-287
1099,1210,-110
837,1416,-579
1300,1267,32
2799,1637,1162
1399,1319,80
2199,1706,493
2300,1520,779
1099,1521,-421
605,1200,-595
850,1145,-295
3099,965,2134
665,1206,-541
2600,1510,1089
803,1008,-205
522,1508,-986
2999,1102,1897
807,1363,-555
1200,2120,-920
768,1301,-533
1900,1379,520
5400,1707,3692
1500,1704,-204
1200,1402,-202
1099,1282,-182
509,1254,-744
1200,1301,-101
723,980,-256
589,2122,-1532
609,1039,-430
1099,1449,-349
892,1221,-329
393,1086,-693
257,1299,-1042
1200,1085,114
475,1194,-719
730,1306,-576
726,1573,-846
1300,1369,-69
2600,1201,1398
391,1047,-655
1900,1322,577
999,960,39
1099,1227,-127
536,1425,-889
406,1333,-926
663,1481,-817
713,876,-163
1200,1156,43
318,1231,-912
850,1111,-261
404,1652,-1248
1300,1575,-275
1099,1572,-472
975,1135,-159
2100,1571,528
1399,2082,-682
1500,1569,-69
805,1558,-752
2499,1314,1185
1399,1155,244
985,2002,-1016
647,983,-336
2799,1662,1137
547,1861,-1314
991,1491,-500
2600,1463,1136
691,1635,-943
351,1118,-766
639,1255,-615
576,1373,-797
381,1072,-691
2999,1930,1069
886,1435,-548
1399,1276,123
1200,1153,46
745,1759,-1013
556,1237,-681
913,1183,-269
889,842,46
1200,1446,-246
1800,1098,701
3599,1328,2271
945,1119,-174
879,1091,-211
999,1379,-379
538,1517,-979
1300,1236,63
1500,1391,108
878,1781,-903
3599,1102,2497
823,1058,-235
1500,1755,-255
647,1563,-915
3200,1693,1506
672,1035,-363
478,1049,-571
306,1163,-857
890,896,-6
972,1523,-550
1200,1325,-125
832,991,-159
2699,1150,1549
898,966,-68
1300,1189,110
734,1469,-734
2100,1228,871
2100,1198,901
2900,1283,1616
721,1507,-786
707,1132,-424
890,1494,-604
489,1578,-1088
1300,1263,36
1599,1102,497
4699,1894,2805
936,1460,-523
1200,1402,-202
1599,1212,387
4200,1129,3070
801,1123,-322
5100,1206,3893
497,1259,-762
2699,1626,1073
1599,1173,426
1500,1196,303
1800,1123,676
1699,1196,503
2600,1538,1061
788,1054,-265
929,1406,-476
999,1058,-58
1099,1026,73
954,1147,-193
1399,1677,-277
1200,1512,-312
955,1192,-236
739,1005,-265
713,1167,-454
872,1027,-154
685,1002,-316
945,1505,-560
1500,1334,165
788,1222,-434
2699,1452,1247
1200,1602,-402
1200,1382,-182
686,1221,-534
444,1198,-754
999,1227,-227
591,1110,-518
1699,1253,446
759,1287,-528
786,1240,-453
4600,1036,3563
2100,1037,1062
1200,1179,20
685,788,-102
3499,1383,2116
1500,1584,-84
1699,1777,-77
1699,1366,333
1300,1262,37
878,1033,-154
1300,1400,-100
843,1312,-469
2100,1396,703
990,1391,-401
786,1397,-610
1900,1630,269
694,949,-255
1099,1445,-345
2300,1336,963
769,1685,-916
2199,1551,648
999,1319,-319
2900,1488,1411
1099,1083,16
752,1314,-561
999,1725,-725
719,1006,-287
3699,1019,2680
971,1162,-191
999,1262,-262
850,896,-46
1699,1218,481
3200,1298,1901
2499,1226,1273
1500,1136,363
509,942,-432
1200,1644,-444
957,1281,-324
2199,1293,906
1399,1216,183
1399,1592,-192
999,1050,-50
812,969,-157
1399,1182,217
589,1077,-487
4500,1074,3425
2400,2224,175
1099,1436,-336
833,942,-109
2100,2101,-1
854,1354,-500
1900,1284,615
995,1303,-308
748,1285,-537
1200,1552,-352
2699,2401,298
3200,1638,1561
949,1724,-775
1399,1677,-277
3899,1133,2766
805,872,-66
824,1097,-272
3399,1591,1808
2400,1546,853
947,1048,-101
1399,1323,76
1800,1276,523
2499,1322,1177
2499,1897,602
933,1236,-303
1300,1106,193
2499,1329,1170
3300,1282,2017
1399,1236,163
886,1043,-156
1300,1164,135
851,1535,-684
2300,1261,1038
2199,1336,863
1099,1192,-92
999,1029,-29
900,1166,-265
1399,1251,148
1300,1461,-161
906,1063,-156
755,1312,-557
2799,1306,1493
2900,2045,854
1599,1358,241
1699,1638,61
999,1281,-281
4900,2178,2721
3800,2330,1469
2199,2195,4
4300,2203,2096
2100,1456,643
1099,2089,-989
1500,1825,-325
1699,2352,-652
1200,492,707
5400,1616,3783
931,1861,-929
307,566,-258
77,1508,-1431
1200,1449,-249
906,1602,-696
805,1333,-527
5400,1861,3538
1399,1405,-5
2600,1921,678
1300,1916,-616
2799,2012,787
1599,2086,-486
1500,2143,-643
1699,1268,431
999,1731,-731
1200,1567,-367
872,1163,-291
999,1959,-959
2199,2155,44
3399,1616,1783
3499,1560,1939
3599,1963,1636
1200,1769,-569
1500,1520,-20
1699,2239,-539
3899,2024,1875
88,1239,-1150
821,1730,-908
3200,2145,1054
1999,1569,430
1200,1772,-572
1200,1593,-393
1099,1812,-712
2400,2338,61
1599,1874,-274
2799,1671,1128
710,1391,-680
1800,1417,382
921,1359,-438
1599,1629,-29
1500,1733,-233
1200,1727,-527
781,1485,-704
1399,1507,-107
1699,1490,209
1300,1694,-394
2100,1111,988
1099,1162,-62
4200,1134,3065
1099,1357,-257
2199,1079,1120
3999,2184,1815
1500,842,657
1699,2508,-808
3300,1623,1676
1099,1711,-611
982,1410,-427
685,1430,-745
680,1136,-455
2400,2532,-132
848,1353,-505
2999,2092,907
2199,1283,916
1900,1284,615
1500,993,506
5100,1884,3215
710,1616,-905
3200,1365,1834
1699,974,725
4200,1425,2774
1500,1201,298
928,1033,-104
1099,1176,-76
4800,1374,3425
758,1452,-694
896,1101,-204
659,1302,-642
199,1194,-994
747,1505,-758
1300,900,399
850,1037,-187
1500,1185,314
2900,1139,1760
1300,870,429
1900,1928,-28
1300,1146,153
3800,1522,2277
877,961,-84
1099,2266,-1166
1800,1141,658
1900,1255,644
738,1125,-386
1200,1049,150
906,1194,-287
1300,825,474
1300,1753,-453
2300,1168,1131
685,1317,-631
788,1626,-838
817,1381,-564
621,1371,-749
725,1362,-637
1599,1118,481
1800,1543,256
817,972,-154
964,995,-31
1300,1431,-131
3300,1064,2235
1300,1484,-184
1599,2077,-477
1099,1425,-325
963,1249,-286
877,1048,-171
1200,1212,-12
823,949,-126
1399,1201,198
969,1216,-247
633,1068,-434
825,961,-135
5400,2205,3194
853,1437,-584
703,1181,-477
964,1252,-288
1500,1400,99
752,1586,-833
1099,1669,-569
1099,1105,-5
721,1454,-732
716,979,-263
923,1831,-907
1300,950,349
991,897,94
1300,1174,125
1300,1269,30
823,1298,-475
774,956,-182
3399,2143,1256
999,1209,-209
1399,1332,67
2999,2248,751
393,1139,-746
621,1646,-1025
1099,2220,-1120
663,1175,-511
890,1279,-388
1500,1572,-72
3499,1017,2482
2100,1283,816
2199,2087,112
2400,1875,524
1099,994,105
475,1350,-875
851,1094,-243
1900,1907,-7
630,1349,-718
1399,1599,-199
841,1059,-218
890,1051,-161
2400,1560,839
1099,1498,-398
1399,1694,-294
748,1296,-547
3300,1511,1788
738,949,-211
811,1196,-385
890,1010,-120
3699,1130,2569
926,1171,-244
823,989,-166
693,1112,-419
1099,1467,-367
2699,1025,1674
2999,1107,1892
1399,1228,171
561,1103,-541
3699,1294,2405
1099,1129,-29
1800,941,858
1800,1012,787
975,1342,-367
548,1422,-874
878,1208,-330
779,1078,-299
821,1105,-283
749,843,-93
999,1235,-235
551,1405,-854
713,902,-189
1500,1711,-211
817,986,-168
1300,1656,-356
723,1030,-306
3699,1243,2456
705,1689,-984
565,1133,-568
522,1254,-732
4900,1409,3490
2100,1124,975
1099,1562,-462
1200,1359,-159
803,1123,-320
798,1429,-631
1099,1355,-255
945,1852,-907
1099,1440,-340
815,913,-98
860,1074,-213
609,1100,-491
1099,1562,-462
2400,1184,1215
705,1241,-535
518,1194,-675
935,1281,-346
683,1372,-688
1300,1463,-163
2199,1475,724
665,1288,-623
412,981,-569
725,1173,-448
580,1514,-933
471,1117,-645
1300,1507,-207
2400,917,1482
2100,1567,532
703,1022,-318
1900,1187,712
837,1276,-438
1300,2307,-1007
1599,1733,-133
890,1580,-689
1399,1653,-253
999,1622,-622
63,1085,-1021
2300,1543,756
3099,1559,1540
669,993,-323
4800,1804,2995
2600,1428,1171
1599,1207,392
1099,1289,-189
4400,1042,3357
2600,1326,1273
981,1236,-254
2499,1138,1361
1699,1478,221
2999,1382,1617
1399,1833,-433
3300,1306,1993
854,1196,-342
564,1141,-577
1699,1420,279
999,1081,-81
844,1307,-463
2799,889,1910
1500,1683,-183
1800,1632,167
624,1111,-486
1300,1474,-174
781,952,-171
452,1408,-956
1500,1121,378
895,1151,-255
551,1177,-625
2799,1258,1541
1099,1353,-253
817,1110,-292
1900,1469,430
5100,1242,3857
1500,1649,-149
750,1049,-298
1399,1323,76
928,1007,-79
860,1118,-257
1500,1227,272
666,1038,-372
1099,1541,-441
729,1106,-377
1200,1632,-432
731,1202,-470
633,848,-214
1200,1014,185
2199,1858,341
2999,1388,1611
738,835,-97
1099,1244,-144
770,1016,-245
811,1259,-448
2699,1331,1368
2900,1509,1390
2600,1521,1078
824,1220,-395
1200,1136,63
1300,980,319
748,1449,-700
561,1388,-826
654,929,-275
900,1545,-644
680,1248,-567
42,909,-867
1900,921,978
620,1084,-464
2600,1412,1187
1099,910,189
1800,1875,-75
1200,1270,-70
582,1108,-525
4699,1519,3180
716,1208,-492
3300,1187,2112
999,1156,-156
895,1337,-442
935,1094,-158
625,886,-260
666,1029,-362
920,1481,-561
2499,1638,861
908,936,-28
781,1254,-473
1399,1294,105
548,1208,-659
834,1447,-612
967,958,9
743,877,-134
710,1151,-440
1900,1278,621
752,1636,-884
669,1138,-468
2300,1638,661
756,1550,-794
703,1002,-299
1599,1387,212
709,1017,-308
829,1290,-461
951,1789,-837
1500,1109,390
2799,1651,1148
786,1165,-379
551,1215,-663
614,1705,-1090
841,1575,-733
858,1341,-483
979,1021,-41
566,1222,-655
769,1207,-438
645,1339,-694
1500,1129,370
1599,1529,70
1800,1626,173
4200,1063,3136
1500,1165,334
1300,998,301
922,1533,-611
557,1518,-960
743,1063,-319
4,1381,-1376
1099,1020,79
1200,1781,-581
1099,1832,-732
5499,1345,4154
2400,1649,750
1500,1562,-62
4600,1358,3241
1300,1363,-63
2100,1467,632
996,1158,-161
739,1036,-296
1999,925,1074
772,1505,-733
1300,989,310
1500,1384,115
960,902,57
1699,1043,656
672,1016,-344
1099,1131,-31
999,1421,-421
1200,1094,105
1099,1246,-146
1800,1296,503
762,1507,-745
792,1041,-248
3499,1333,2166
511,866,-355
570,931,-361
826,1241,-414
2699,1821,878
2499,1505,994
2999,1563,1436
1300,1611,-311
1599,2068,-468
3899,1079,2820
2699,1281,1418
824,1053,-229
1800,1406,393
1099,1000,99
749,1056,-306
698,1215,-517
999,1729,-729
1500,1650,-150
2400,1367,1032
999,1334,-334
999,1127,-127
1099,1024,75
898,1168,-270
1300,1269,30
712,1081,-369
738,1044,-305
2900,1611,1288
1099,1210,-110
961,2084,-1123
444,1164,-720
2100,1216,883
1200,1515,-315
981,1433,-451
666,1169,-503
740,1232,-491
3899,1686,2213
861,1186,-324
1200,1414,-214
969,1156,-187
940,876,63
792,1760,-967
935,1334,-398
900,1173,-273
3999,1510,2489
1699,2177,-477
1900,1397,502
1800,2698,-898
895,1671,-775
4500,1659,2840
961,1238,-277
2199,2063,136
1200,1898,-698
5499,2236,3263
2999,1495,1504
877,1526,-649
1200,1635,-435
1599,1492,107
987,2033,-1046
1300,1658,-358
1200,1285,-85
52,481,-429
851,1729,-878
1500,1677,-177
2499,2422,77
1399,1500,-100
999,1409,-409
1500,2212,-712
2300,1954,345
613,1551,-938
1900,1953,-53
840,1543,-703
2199,1344,855
1300,1332,-32
1800,1882,-82
2900,415,2484
1500,1634,-134
971,2093,-1122
1399,2103,-703
1599,1882,-282
1500,1972,-472
1800,2421,-621
1200,1809,-609
4200,1778,2421
1599,1785,-185
1399,1362,37
802,1438,-636
1300,1218,81
981,1303,-322
1099,1196,-96
1099,1474,-374
940,1195,-255
1599,1341,258
815,1521,-706
797,1607,-810
4200,1704,2495
2300,1456,843
2999,1419,1580
774,1361,-587
4099,1784,2315
995,1032,-36
1099,1818,-718
1599,1733,-133
2100,1218,881
413,1194,-781
1300,1146,153
1200,1568,-368
862,1350,-487
1399,1855,-455
3099,1201,1898
803,1243,-440
738,1303,-564
882,1023,-141
1900,1899,0
1699,1357,342
1099,1129,-29
1800,1295,504
1300,1702,-402
754,1462,-708
1599,1591,8
834,1625,-790
703,1435,-732
4600,1328,3271
644,1465,-821
705,1274,-568
1900,1202,697
844,1280,-436
1099,1186,-86
3499,1167,2332
985,1155,-169
1099,931,168
3300,1220,2079
776,963,-186
890,1233,-343
5400,1727,3672
998,895,102
1099,1747,-647
717,1100,-382
2600,1543,1056
896,1100,-203
732,1295,-562
920,1143,-223
995,1152,-157
807,1284,-477
2499,1570,929
1399,1035,364
985,1338,-352
1200,1412,-212
2600,1787,812
1500,1448,51
3800,1415,2384
2699,1199,1500
559,1281,-722
1099,961,138
2100,1269,830
848,1377,-529
1099,1001,98
1300,1158,141
762,1035,-273
1200,1090,109
854,1168,-314
3599,829,2770
1200,1219,-19
2199,1636,563
999,1565,-565
508,1347,-839
845,1272,-426
613,1092,-479
895,1068,-173
596,987,-391
882,1144,-261
947,1493,-545
717,1059,-341
843,989,-146
1099,1725,-625
820,1406,-585
499,1235,-735
3800,1806,1993
598,1100,-501
988,1320,-332
568,1202,-634
4800,1278,3521
1099,929,170
674,1414,-740
653,1228,-575
3599,1527,2072
663,1234,-571
886,1429,-542
2100,1218,881
509,1044,-534
1599,1357,242
716,994,-278
640,1201,-560
940,1226,-285
2400,845,1554
713,1360,-646
3999,1409,2590
687,1358,-670
1099,903,196
698,1115,-417
49,1444,-1394
1900,1675,224
2699,939,1760
736,1019,-283
1099,1577,-477
1800,1570,229
4400,2187,2212
776,1147,-370
745,1367,-621
794,988,-194
591,1201,-609
817,1020,-203
685,1257,-572
908,1734,-826
658,1222,-564
883,1260,-376
1599,1079,520
2199,1044,1155
873,907,-33
1200,974,225
843,1081,-238
654,1410,-755
898,1268,-369
807,1384,-576
4200,2233,1966
2400,981,1418
738,1310,-572
999,1195,-195
1599,1314,285
1300,1127,172
482,1574,-1091
540,1079,-539
1399,1910,-510
1200,895,304
1300,1480,-180
467,1127,-660
1099,1256,-156
613,880,-267
2900,1960,939
811,1347,-536
1800,1522,277
982,1352,-369
1200,1274,-74
720,1654,-934
918,1228,-309
707,1265,-557
999,1217,-217
928,938,-9
452,1023,-571
942,1473,-531
829,1283,-454
1399,1174,225
739,1242,-502
1800,961,838
4900,2144,2755
1099,1319,-219
821,1177,-355
544,1497,-952
1999,1121,878
2100,2202,-102
957,1258,-300
526,1429,-903
582,866,-284
950,1116,-166
1800,1376,423
2100,1104,995
1300,1452,-152
957,1749,-791
1800,1855,-55
1599,1185,414
1599,1492,107
1399,1359,40
804,1140,-336
2199,1558,641
1099,1525,-425
3099,1154,1945
855,1574,-718
971,1047,-76
3599,982,2617
719,1232,-513
3499,1725,1774
900,1035,-134
725,1328,-603
2499,1335,1164
898,1954,-1056
716,1279,-563
1099,1164,-64
649,1151,-502
1599,1055,544
976,1114,-137
1099,1258,-158
827,1110,-282
987,938,48
999,1328,-328
293,937,-643
909,1923,-1014
999,908,91
1300,1312,-12
999,1084,-84
4099,2015,2084
3800,1649,2150
686,1483,-796
1399,1532,-132
2799,1522,1277
1699,1328,371
4699,1479,3220
382,1371,-988
1399,1677,-277
4900,2164,2735
605,1174,-568
957,1095,-138
468,1076,-607
682,1179,-497
1399,1090,309
790,1279,-489
1099,1155,-55
2199,1482,717
860,1106,-245
1300,1132,167
1200,1457,-257
999,959,40
2400,1781,618
598,1021,-422
1099,999,100
765,976,-210
1300,1440,-140
2600,1395,1204
1300,1547,-247
999,1183,-183
854,1111,-256
669,1119,-450
3300,1221,2078
697,1117,-420
1099,1402,-302
373,1162,-789
881,1280,-399
1099,1168,-68
1200,1678,-478
1200,1331,-131
1999,1368,631
999,1674,-674
754,934,-180
1200,1085,114
637,1502,-864
1599,963,636
701,1083,-381
1800,984,815
999,1168,-168
969,936,32
595,885,-290
832,1229,-397
1999,1839,160
1099,1087,12
912,1273,-360
1200,1132,67
817,938,-120
954,1197,-243
768,956,-188
1099,1623,-523
759,1062,-303
2100,1519,580
3899,1492,2407
1200,1277,-77
1399,1027,372
703,1312,-609
1500,1356,143
617,1448,-830
955,1324,-369
594,938,-344
1200,1200,0
673,826,-153
551,1536,-985
837,1083,-246
4200,1172,3027
762,1052,-289
994,1470,-476
957,1290,-332
882,1046,-163
999,1257,-257
752,1263,-511
1200,1189,10
3099,2082,1017
949,1217,-268
1699,1530,169
3699,1806,1893
103,901,-798
5400,1332,4067
1300,1524,-224
2400,1579,820
5400,1506,3893
848,1141,-293
1800,1916,-116
817,1496,-679
812,1126,-314
1200,850,349
694,1244,-550
1300,1464,-164
1200,1129,70
773,1259,-486
1999,1851,148
2199,1002,1197
2900,1206,1693
703,1139,-436
4099,1435,2664
2699,2145,554
2199,1388,811
957,1834,-877
833,1254,-421
1099,1138,-38
687,1121,-433
642,1563,-921
747,1265,-518
792,999,-206
1200,1407,-207
1200,1645,-445
795,1224,-429
2400,919,1480
801,1641,-840
2699,1588,1111
886,1111,-224
1099,1114,-14
1699,1093,606
2199,1097,1102
2699,1466,1233
2100,1632,467
866,1063,-196
999,898,101
1300,1183,116
1399,1350,49
820,1318,-497
957,1119,-162
659,1065,-406
1300,1207,92
3200,2494,705
955,952,3
1699,1785,-85
788,1404,-615
1099,1210,-110
893,1113,-219
812,960,-147
703,1399,-696
3599,1191,2408
843,1151,-308
4200,1843,2356
2999,2009,990
868,2153,-1285
1800,2339,-539
811,2112,-1301
4500,1662,2837
1900,2356,-456
1699,1321,378
2100,1680,419
1399,1515,-115
2300,1970,329
844,1811,-967
761,1496,-735
1699,1668,31
1200,1602,-402
5400,1864,3535
1399,1659,-259
1500,1954,-454
2600,2133,466
1399,1826,-426
1999,2026,-26
4099,1533,2566
995,1485,-489
1699,1265,434
903,1448,-545
3300,1852,1447
1099,1723,-623
1500,1738,-238
1200,1929,-729
4400,1683,2716
1099,1477,-377
1599,1846,-246
2199,2622,-422
2499,1744,755
1399,1956,-556
2400,1782,617
1200,1667,-467
834,2301,-1467
1399,1492,-92
2699,1859,840
1500,2238,-738
1699,1897,-197
3699,2159,1540
1399,1046,353
5100,1546,3553
1399,1258,141
4600,970,3629
1300,1635,-335
1599,1644,-44
743,1077,-334
854,1666,-812
1099,1465,-365
838,935,-96
920,1079,-159
730,1353,-622
5299,1616,3683
1599,1136,463
2600,1705,894
768,988,-220
947,1075,-128
1399,1014,385
3399,1271,2128
721,923,-201
680,1270,-589
1699,1404,295
2999,2446,553
1500,1849,-349
636,1345,-709
1200,930,269
1200,1110,89
544,1690,-1145
1099,1457,-357
1900,1278,621
707,1232,-524
1999,1457,542
3200,1034,2165
1500,1046,453
2600,1209,1390
1099,952,147
1300,1166,133
769,1090,-321
2799,1484,1315
999,1009,-9
556,1339,-783
1800,1719,80
646,1356,-710
877,1145,-268
1599,1016,583
1099,1215,-115
1300,1313,-13
1099,1718,-618
1500,1049,450
611,930,-319
1900,1138,761
844,838,5
758,838,-80
1099,1211,-111
1399,1409,-9
999,1098,-98
889,916,-27
638,1149,-510
416,1365,-949
1099,1158,-58
1500,1223,276
1300,1054,245
1200,1099,100
1300,1101,198
1399,1362,37
1999,1311,688
1699,1657,42
2699,1576,1123
1099,1125,-25
1099,1223,-123
850,1120,-270
1399,1717,-317
1099,1271,-171
1200,1070,129
902,1217,-315
2199,1190,1009
537,1384,-847
999,1154,-154
515,958,-443
1399,1525,-125
2799,1229,1570
725,862,-136
1399,1949,-549
76,844,-768
1999,1074,925
2400,1247,1152
1300,1021,278
3699,1206,2493
1200,1512,-312
1900,1383,516
1500,1770,-270
914,1593,-678
1300,932,367
4200,1632,2567
881,1706,-825
1099,962,137
888,1145,-257
1200,1209,-9
4900,1237,3662
1399,1891,-491
1999,1783,216
683,1059,-375
805,1630,-825
1399,1106,293
922,1225,-303
582,902,-320
1500,1692,-192
714,1286,-571
1200,1522,-322
1300,1687,-387
1599,1271,328
1599,1103,496
1900,996,903
2900,1790,1109
1200,989,210
928,1003,-74
3899,1546,2353
1300,1530,-230
4200,1457,2742
4099,1069,3030
1999,1578,421
769,1094,-325
906,1725,-818
1399,1473,-73
832,1308,-476
1300,999,300
1300,1045,254
868,1629,-761
1599,1511,88
981,997,-16
1099,1198,-98
1500,983,516
705,1654,-948
1200,1126,73
721,978,-257
1500,1272,227
2900,1638,1261
1200,1265,-65
960,1244,-284
926,1274,-348
1699,1203,496
922,1570,-648
805,991,-185
691,1743,-1052
1399,1262,137
2799,1399,1400
1399,1600,-200
1300,1382,-82
4300,1384,2915
2600,1221,1378
1699,1494,205
1300,1341,-41
1599,926,673
712,859,-147
1300,824,475
815,1199,-383
2199,1399,800
3499,1530,1969
3300,1441,1858
1800,1385,414
1300,1386,-86
2199,1406,793
1800,1305,494
1800,1554,245
1800,1382,417
1599,1557,42
4800,1434,3365
2400,1320,1079
1099,1201,-101
1500,1327,172
1300,1659,-359
3300,1149,2150
2100,1463,636
2799,1099,1700
1500,1067,432
1099,1256,-156
2699,1317,1382
2799,1483,1316
1999,1127,872
1399,1249,150
3300,1431,1868
935,1364,-428
1099,1595,-495
1200,1811,-611
2799,1682,1117
2300,1054,1245
3800,1527,2272
1399,1139,260
1699,1351,348
1099,1224,-124
1599,1305,294
2300,1386,913
2499,2103,396
1099,983,116
2300,1602,697
1200,1954,-754
1200,1558,-358
1200,1356,-156
2400,902,1497
1599,1579,20
1500,1206,293
2600,2023,576
1500,1090,409
1399,929,470
1800,1196,603
4200,1532,2667
2400,1363,1036
1300,1116,183
1599,990,609
3399,939,2460
1399,1033,366
2699,1518,1181
805,1915,-1109
4600,1756,2843
499,1449,-949
1599,1373,226
2699,1231,1468
1699,1856,-156
3999,1458,2541
1200,1135,64
1200,1484,-284
2600,1000,1599
864,1188,-323
1099,816,283
1300,1025,274
999,1090,-90
1099,796,303
1399,1223,176
1900,1000,899
3200,1432,1767
1699,1448,251
683,1189,-505
2100,1958,141
1800,1073,726
1599,1226,373
1399,1189,210
1300,937,362
1099,1231,-131
1999,1961,38
1399,1236,163
1399,2034,-634
1599,1513,86
999,1264,-264
2999,1637,1362
5299,1750,3549
999,1579,-579
1900,1614,285
1399,1705,-305
1300,1764,-464
3499,2085,1414
1300,1030,269
987,1624,-637
2300,2607,-307
1500,2512,-1012
2199,1428,771
3699,1657,2042
1900,1665,234
2400,1772,627
2799,2127,672
2400,1701,698
1399,1942,-542
1399,1355,44
1900,1657,242
1599,1627,-27
1099,1444,-344
2600,1419,1180
3499,1548,1951
999,1771,-771
2300,1970,329
3099,1642,1457
1300,1682,-382
1500,1347,152
1900,1495,404
3999,2150,1849
1699,1910,-210
1800,1648,151
5499,2197,3302
1599,2140,-540
1999,1726,273
3099,1569,1530
1099,1745,-645
2699,1648,1051
798,1387,-589
1800,1352,447
1200,1361,-161
1699,1239,460
1300,1326,-26
4900,1782,3117
1500,1718,-218
1200,1675,-475
1599,1332,267
836,1093,-257
703,1079,-376
1300,1651,-351
1300,1110,189
1399,1042,357
548,933,-384
3200,1477,1722
755,974,-219
1999,1593,406
1099,1080,19
748,1083,-334
3499,1329,2170
1999,929,1070
2199,1252,947
3800,1350,2449
2300,1481,818
999,952,47
2699,1512,1187
1500,1245,254
1200,973,226
1300,1415,-115
1699,1154,545
1200,932,267
1200,1348,-148
3399,1484,1915
2100,1703,396
1500,1718,-218
1099,1459,-359
786,1003,-217
2100,1478,621
4900,2218,2681
1900,2088,-188
861,788,73
1800,809,990
1699,966,733
1099,1002,97
1500,1022,477
983,1087,-103
1099,1248,-148
1099,1325,-225
3800,1521,2278
438,1299,-861
1399,1231,168
1300,1405,-105
1500,1399,100
642,1209,-567
1999,1090,909
1800,900,899
1599,1239,360
999,1408,-408
892,1372,-479
470,896,-426
1099,1521,-421
3200,1278,1921
1200,1146,53
1200,1217,-17
4400,1892,2507
1099,1284,-184
2600,1072,1527
1800,1155,644
1300,825,474
1300,1776,-476
2100,1380,719
777,1331,-553
1999,1257,742
2300,1001,1298
1300,1121,178
4600,1173,3426
1399,1791,-391
1099,1427,-327
2600,1688,911
2499,1661,838
1300,1895,-595
705,947,-241
1500,1418,81
4600,1276,3323
2999,1033,1966
1599,1351,248
1399,993,406
2100,1387,712
691,1303,-612
1399,1494,-94
1200,1298,-98
2400,1111,1288
2900,1027,1872
947,1030,-83
3200,1254,1945
1399,1387,12
1099,1275,-175
1200,1004,195
999,1064,-64
2400,1119,1280
1500,1035,464
913,1374,-460
1699,1246,453
1500,902,597
999,1506,-506
1300,2031,-731
1699,1624,75
1399,1466,-66
1200,1463,-263
1800,1993,-193
1900,1308,591
1900,1420,479
1099,813,286
1300,1325,-25
